"area_fips","own_code","industry_code","agglvl_code","size_code","year","qtr","disclosure_code","area_title","own_title","industry_title","agglvl_title","size_title","qtrly_estabs_count","month1_emplvl","month2_emplvl","month3_emplvl","total_qtrly_wages","taxable_qtrly_wages","qtrly_contributions","avg_wkly_wage","lq_disclosure_code","lq_qtrly_estabs_count","lq_month1_emplvl","lq_month2_emplvl","lq_month3_emplvl","lq_total_qtrly_wages","lq_taxable_qtrly_wages","lq_qtrly_contributions","lq_avg_wkly_wage","oty_disclosure_code","oty_qtrly_estabs_count_chg","oty_qtrly_estabs_count_pct_chg","oty_month1_emplvl_chg","oty_month1_emplvl_pct_chg","oty_month2_emplvl_chg","oty_month2_emplvl_pct_chg","oty_month3_emplvl_chg","oty_month3_emplvl_pct_chg","oty_total_qtrly_wages_chg","oty_total_qtrly_wages_pct_chg","oty_taxable_qtrly_wages_chg","oty_taxable_qtrly_wages_pct_chg","oty_qtrly_contributions_chg","oty_qtrly_contributions_pct_chg","oty_avg_wkly_wage_chg","oty_avg_wkly_wage_pct_chg"
"31117","0","10","70","0","2016","1","","McPherson County, Nebraska","Total Covered","10 Total, all industries","County, Total Covered","All establishment sizes",13,75,79,82,607008,174020,2739,594,"",1.00,1.00,1.00,1.00,1.00,1.00,1.00,1.00,"",0,0.0,-14,-15.7,-3,-3.7,-1,-1.2,-7107,-1.2,-8761,-4.8,-100,-3.5,36,6.5
"31117","0","10","70","0","2016","2","","McPherson County, Nebraska","Total Covered","10 Total, all industries","County, Total Covered","All establishment sizes",13,81,77,77,575561,65961,1011,565,"",1.00,1.00,1.00,1.00,1.00,1.00,1.00,1.00,"",0,0.0,-3,-3.6,-5,-6.1,-3,-3.8,14403,2.6,3805,6.1,55,5.8,39,7.4
"31117","0","10","70","0","2016","3","","McPherson County, Nebraska","Total Covered","10 Total, all industries","County, Total Covered","All establishment sizes",13,70,72,80,567598,33023,453,590,"",1.00,1.00,1.00,1.00,1.00,1.00,1.00,1.00,"",-1,-7.1,-5,-6.7,-6,-7.7,-1,-1.2,-25197,-4.3,-14967,-31.2,-183,-28.8,5,0.9
"31117","0","10","70","0","2016","4","","McPherson County, Nebraska","Total Covered","10 Total, all industries","County, Total Covered","All establishment sizes",13,83,79,83,620572,49070,754,585,"",1.00,1.00,1.00,1.00,1.00,1.00,1.00,1.00,"",-1,-7.1,4,5.1,-2,-2.5,7,9.2,3726,0.6,25401,107.3,444,143.2,-18,-3.0
"31117","1","10","71","0","2016","1","","McPherson County, Nebraska","Federal Government","10 Total, all industries","County, Total -- by ownership sector","All establishment sizes",1,1,1,1,11173,0,0,859,"",12.22,0.67,0.64,0.62,0.65,0.00,0.00,1.01,"",0,0.0,-1,-50.0,0,0.0,0,0.0,237,2.2,0,0.0,0,0.0,228,36.1
"31117","1","10","71","0","2016","2","","McPherson County, Nebraska","Federal Government","10 Total, all industries","County, Total -- by ownership sector","All establishment sizes",1,1,1,1,9894,0,0,761,"",12.33,0.63,0.66,0.66,0.63,0.00,0.00,0.96,"",0,0.0,-1,-50.0,0,0.0,0,0.0,2043,26.0,0,0.0,0,0.0,308,68.0
"31117","1","10","71","0","2016","3","","McPherson County, Nebraska","Federal Government","10 Total, all industries","County, Total -- by ownership sector","All establishment sizes",1,1,1,1,9858,0,0,758,"",12.44,0.72,0.70,0.64,0.56,0.00,0.00,0.82,"",0,0.0,0,0.0,0,0.0,0,0.0,783,8.6,0,0.0,0,0.0,60,8.6
"31117","1","10","71","0","2016","4","","McPherson County, Nebraska","Federal Government","10 Total, all industries","County, Total -- by ownership sector","All establishment sizes",1,1,1,1,10404,0,0,800,"",12.53,0.62,0.65,0.61,0.59,0.00,0.00,0.95,"",0,0.0,0,0.0,0,0.0,0,0.0,-2961,-22.2,0,0.0,0,0.0,-228,-22.2
"31117","1","102","72","0","2016","1","","McPherson County, Nebraska","Federal Government","102 Service-providing","County, by Domain -- by ownership sector","All establishment sizes",1,1,1,1,11173,0,0,859,"",12.24,0.68,0.65,0.63,0.66,0.00,0.00,1.01,"",0,0.0,-1,-50.0,0,0.0,0,0.0,237,2.2,0,0.0,0,0.0,228,36.1
"31117","1","102","72","0","2016","2","","McPherson County, Nebraska","Federal Government","102 Service-providing","County, by Domain -- by ownership sector","All establishment sizes",1,1,1,1,9894,0,0,761,"",12.36,0.64,0.68,0.67,0.64,0.00,0.00,0.96,"",0,0.0,-1,-50.0,0,0.0,0,0.0,2043,26.0,0,0.0,0,0.0,308,68.0
"31117","1","102","72","0","2016","3","","McPherson County, Nebraska","Federal Government","102 Service-providing","County, by Domain -- by ownership sector","All establishment sizes",1,1,1,1,9858,0,0,758,"",12.46,0.73,0.71,0.65,0.57,0.00,0.00,0.82,"",0,0.0,0,0.0,0,0.0,0,0.0,783,8.6,0,0.0,0,0.0,60,8.6
"31117","1","102","72","0","2016","4","","McPherson County, Nebraska","Federal Government","102 Service-providing","County, by Domain -- by ownership sector","All establishment sizes",1,1,1,1,10404,0,0,800,"",12.55,0.63,0.66,0.62,0.61,0.00,0.00,0.95,"",0,0.0,0,0.0,0,0.0,0,0.0,-2961,-22.2,0,0.0,0,0.0,-228,-22.2
"31117","1","1021","73","0","2016","1","","McPherson County, Nebraska","Federal Government","1021 Trade, transportation, and utilities","County, by Supersector -- by ownership sector","All establishment sizes",1,1,1,1,11173,0,0,859,"",24.48,2.77,2.62,2.53,3.72,0.00,0.00,1.41,"",0,0.0,-1,-50.0,0,0.0,0,0.0,237,2.2,0,0.0,0,0.0,228,36.1
"31117","1","1021","73","0","2016","2","","McPherson County, Nebraska","Federal Government","1021 Trade, transportation, and utilities","County, by Supersector -- by ownership sector","All establishment sizes",1,1,1,1,9894,0,0,761,"",24.67,2.60,2.73,2.73,3.45,0.00,0.00,1.28,"",0,0.0,-1,-50.0,0,0.0,0,0.0,2043,26.0,0,0.0,0,0.0,308,68.0
"31117","1","1021","73","0","2016","3","","McPherson County, Nebraska","Federal Government","1021 Trade, transportation, and utilities","County, by Supersector -- by ownership sector","All establishment sizes",1,1,1,1,9858,0,0,758,"",24.93,2.98,2.90,2.62,3.11,0.00,0.00,1.10,"",0,0.0,0,0.0,0,0.0,0,0.0,783,8.6,0,0.0,0,0.0,60,8.6
"31117","1","1021","73","0","2016","4","","McPherson County, Nebraska","Federal Government","1021 Trade, transportation, and utilities","County, by Supersector -- by ownership sector","All establishment sizes",1,1,1,1,10404,0,0,800,"",25.10,2.54,2.66,2.44,2.93,0.00,0.00,1.15,"",0,0.0,0,0.0,0,0.0,0,0.0,-2961,-22.2,0,0.0,0,0.0,-228,-22.2
"31117","1","48-49","74","0","2016","1","","McPherson County, Nebraska","Federal Government","NAICS 48-49 Transportation and warehousing","County, NAICS Sector -- by ownership sector","All establishment sizes",1,1,1,1,11173,0,0,859,"",25.19,3.04,2.87,2.77,4.01,0.00,0.00,1.39,"",0,0.0,-1,-50.0,0,0.0,0,0.0,237,2.2,0,0.0,0,0.0,228,36.1
"31117","1","48-49","74","0","2016","2","","McPherson County, Nebraska","Federal Government","NAICS 48-49 Transportation and warehousing","County, NAICS Sector -- by ownership sector","All establishment sizes",1,1,1,1,9894,0,0,761,"",25.38,2.85,2.98,2.98,3.72,0.00,0.00,1.27,"",0,0.0,-1,-50.0,0,0.0,0,0.0,2043,26.0,0,0.0,0,0.0,308,68.0
"31117","1","48-49","74","0","2016","3","","McPherson County, Nebraska","Federal Government","NAICS 48-49 Transportation and warehousing","County, NAICS Sector -- by ownership sector","All establishment sizes",1,1,1,1,9858,0,0,758,"",25.65,3.26,3.17,2.86,3.33,0.00,0.00,1.08,"",0,0.0,0,0.0,0,0.0,0,0.0,783,8.6,0,0.0,0,0.0,60,8.6
"31117","1","48-49","74","0","2016","4","","McPherson County, Nebraska","Federal Government","NAICS 48-49 Transportation and warehousing","County, NAICS Sector -- by ownership sector","All establishment sizes",1,1,1,1,10404,0,0,800,"",25.83,2.78,2.92,2.66,3.16,0.00,0.00,1.14,"",0,0.0,0,0.0,0,0.0,0,0.0,-2961,-22.2,0,0.0,0,0.0,-228,-22.2
"31117","1","491","75","0","2016","1","","McPherson County, Nebraska","Federal Government","NAICS 491 Postal service","County, NAICS 3-digit -- by ownership sector","All establishment sizes",1,1,1,1,11173,0,0,859,"",25.37,3.11,2.93,2.83,4.22,0.00,0.00,1.43,"",0,0.0,-1,-50.0,0,0.0,0,0.0,237,2.2,0,0.0,0,0.0,228,36.1
"31117","1","491","75","0","2016","2","","McPherson County, Nebraska","Federal Government","NAICS 491 Postal service","County, NAICS 3-digit -- by ownership sector","All establishment sizes",1,1,1,1,9894,0,0,761,"",25.56,2.91,3.05,3.05,3.89,0.00,0.00,1.30,"",0,0.0,-1,-50.0,0,0.0,0,0.0,2043,26.0,0,0.0,0,0.0,308,68.0
"31117","1","491","75","0","2016","3","","McPherson County, Nebraska","Federal Government","NAICS 491 Postal service","County, NAICS 3-digit -- by ownership sector","All establishment sizes",1,1,1,1,9858,0,0,758,"",25.83,3.33,3.24,2.93,3.48,0.00,0.00,1.10,"",0,0.0,0,0.0,0,0.0,0,0.0,783,8.6,0,0.0,0,0.0,60,8.6
"31117","1","491","75","0","2016","4","","McPherson County, Nebraska","Federal Government","NAICS 491 Postal service","County, NAICS 3-digit -- by ownership sector","All establishment sizes",1,1,1,1,10404,0,0,800,"",26.01,2.84,2.98,2.72,3.28,0.00,0.00,1.15,"",0,0.0,0,0.0,0,0.0,0,0.0,-2961,-22.2,0,0.0,0,0.0,-228,-22.2
"31117","1","4911","76","0","2016","1","","McPherson County, Nebraska","Federal Government","NAICS 4911 Postal service","County, NAICS 4-digit -- by ownership sector","All establishment sizes",1,1,1,1,11173,0,0,859,"",25.37,3.11,2.93,2.83,4.22,0.00,0.00,1.43,"",0,0.0,-1,-50.0,0,0.0,0,0.0,237,2.2,0,0.0,0,0.0,228,36.1
"31117","1","4911","76","0","2016","2","","McPherson County, Nebraska","Federal Government","NAICS 4911 Postal service","County, NAICS 4-digit -- by ownership sector","All establishment sizes",1,1,1,1,9894,0,0,761,"",25.56,2.91,3.05,3.05,3.89,0.00,0.00,1.30,"",0,0.0,-1,-50.0,0,0.0,0,0.0,2043,26.0,0,0.0,0,0.0,308,68.0
"31117","1","4911","76","0","2016","3","","McPherson County, Nebraska","Federal Government","NAICS 4911 Postal service","County, NAICS 4-digit -- by ownership sector","All establishment sizes",1,1,1,1,9858,0,0,758,"",25.83,3.33,3.24,2.93,3.48,0.00,0.00,1.10,"",0,0.0,0,0.0,0,0.0,0,0.0,783,8.6,0,0.0,0,0.0,60,8.6
"31117","1","4911","76","0","2016","4","","McPherson County, Nebraska","Federal Government","NAICS 4911 Postal service","County, NAICS 4-digit -- by ownership sector","All establishment sizes",1,1,1,1,10404,0,0,800,"",26.01,2.84,2.98,2.72,3.28,0.00,0.00,1.15,"",0,0.0,0,0.0,0,0.0,0,0.0,-2961,-22.2,0,0.0,0,0.0,-228,-22.2
"31117","1","49111","77","0","2016","1","","McPherson County, Nebraska","Federal Government","NAICS 49111 Postal service","County, NAICS 5-digit -- by ownership sector","All establishment sizes",1,1,1,1,11173,0,0,859,"",25.37,3.11,2.93,2.83,4.22,0.00,0.00,1.43,"",0,0.0,-1,-50.0,0,0.0,0,0.0,237,2.2,0,0.0,0,0.0,228,36.1
"31117","1","49111","77","0","2016","2","","McPherson County, Nebraska","Federal Government","NAICS 49111 Postal service","County, NAICS 5-digit -- by ownership sector","All establishment sizes",1,1,1,1,9894,0,0,761,"",25.56,2.91,3.05,3.05,3.89,0.00,0.00,1.30,"",0,0.0,-1,-50.0,0,0.0,0,0.0,2043,26.0,0,0.0,0,0.0,308,68.0
"31117","1","49111","77","0","2016","3","","McPherson County, Nebraska","Federal Government","NAICS 49111 Postal service","County, NAICS 5-digit -- by ownership sector","All establishment sizes",1,1,1,1,9858,0,0,758,"",25.83,3.33,3.24,2.93,3.48,0.00,0.00,1.10,"",0,0.0,0,0.0,0,0.0,0,0.0,783,8.6,0,0.0,0,0.0,60,8.6
"31117","1","49111","77","0","2016","4","","McPherson County, Nebraska","Federal Government","NAICS 49111 Postal service","County, NAICS 5-digit -- by ownership sector","All establishment sizes",1,1,1,1,10404,0,0,800,"",26.01,2.84,2.98,2.72,3.28,0.00,0.00,1.15,"",0,0.0,0,0.0,0,0.0,0,0.0,-2961,-22.2,0,0.0,0,0.0,-228,-22.2
"31117","1","491110","78","0","2016","1","","McPherson County, Nebraska","Federal Government","NAICS 491110 Postal service","County, NAICS 6-digit -- by ownership sector","All establishment sizes",1,1,1,1,11173,0,0,859,"",25.37,3.11,2.93,2.83,4.22,0.00,0.00,1.43,"",0,0.0,-1,-50.0,0,0.0,0,0.0,237,2.2,0,0.0,0,0.0,228,36.1
"31117","1","491110","78","0","2016","2","","McPherson County, Nebraska","Federal Government","NAICS 491110 Postal service","County, NAICS 6-digit -- by ownership sector","All establishment sizes",1,1,1,1,9894,0,0,761,"",25.56,2.91,3.05,3.05,3.89,0.00,0.00,1.30,"",0,0.0,-1,-50.0,0,0.0,0,0.0,2043,26.0,0,0.0,0,0.0,308,68.0
"31117","1","491110","78","0","2016","3","","McPherson County, Nebraska","Federal Government","NAICS 491110 Postal service","County, NAICS 6-digit -- by ownership sector","All establishment sizes",1,1,1,1,9858,0,0,758,"",25.83,3.33,3.24,2.93,3.48,0.00,0.00,1.10,"",0,0.0,0,0.0,0,0.0,0,0.0,783,8.6,0,0.0,0,0.0,60,8.6
"31117","1","491110","78","0","2016","4","","McPherson County, Nebraska","Federal Government","NAICS 491110 Postal service","County, NAICS 6-digit -- by ownership sector","All establishment sizes",1,1,1,1,10404,0,0,800,"",26.01,2.84,2.98,2.72,3.28,0.00,0.00,1.15,"",0,0.0,0,0.0,0,0.0,0,0.0,-2961,-22.2,0,0.0,0,0.0,-228,-22.2
"31117","2","10","71","0","2016","1","N","McPherson County, Nebraska","State Government","10 Total, all industries","County, Total -- by ownership sector","All establishment sizes",2,0,0,0,0,0,0,0,"N",21.36,0,0,0,0,0,0,0,"N",0,0.0,0,0,0,0,0,0,0,0,0,0,0,0,0,0
"31117","2","10","71","0","2016","2","N","McPherson County, Nebraska","State Government","10 Total, all industries","County, Total -- by ownership sector","All establishment sizes",2,0,0,0,0,0,0,0,"N",21.52,0,0,0,0,0,0,0,"N",0,0.0,0,0,0,0,0,0,0,0,0,0,0,0,0,0
"31117","2","10","71","0","2016","3","N","McPherson County, Nebraska","State Government","10 Total, all industries","County, Total -- by ownership sector","All establishment sizes",2,0,0,0,0,0,0,0,"N",21.69,0,0,0,0,0,0,0,"N",0,0.0,0,0,0,0,0,0,0,0,0,0,0,0,0,0
"31117","2","10","71","0","2016","4","N","McPherson County, Nebraska","State Government","10 Total, all industries","County, Total -- by ownership sector","All establishment sizes",2,0,0,0,0,0,0,0,"N",21.81,0,0,0,0,0,0,0,"N",0,0.0,0,0,0,0,0,0,0,0,0,0,0,0,0,0
"31117","2","102","72","0","2016","1","N","McPherson County, Nebraska","State Government","102 Service-providing","County, by Domain -- by ownership sector","All establishment sizes",2,0,0,0,0,0,0,0,"N",21.99,0,0,0,0,0,0,0,"N",0,0.0,0,0,0,0,0,0,0,0,0,0,0,0,0,0
"31117","2","102","72","0","2016","2","N","McPherson County, Nebraska","State Government","102 Service-providing","County, by Domain -- by ownership sector","All establishment sizes",2,0,0,0,0,0,0,0,"N",22.15,0,0,0,0,0,0,0,"N",0,0.0,0,0,0,0,0,0,0,0,0,0,0,0,0,0
"31117","2","102","72","0","2016","3","N","McPherson County, Nebraska","State Government","102 Service-providing","County, by Domain -- by ownership sector","All establishment sizes",2,0,0,0,0,0,0,0,"N",22.32,0,0,0,0,0,0,0,"N",0,0.0,0,0,0,0,0,0,0,0,0,0,0,0,0,0
"31117","2","102","72","0","2016","4","N","McPherson County, Nebraska","State Government","102 Service-providing","County, by Domain -- by ownership sector","All establishment sizes",2,0,0,0,0,0,0,0,"N",22.44,0,0,0,0,0,0,0,"N",0,0.0,0,0,0,0,0,0,0,0,0,0,0,0,0,0
"31117","2","1028","73","0","2016","1","N","McPherson County, Nebraska","State Government","1028 Public administration","County, by Supersector -- by ownership sector","All establishment sizes",2,0,0,0,0,0,0,0,"N",30.24,0,0,0,0,0,0,0,"N",0,0.0,0,0,0,0,0,0,0,0,0,0,0,0,0,0
"31117","2","1028","73","0","2016","2","N","McPherson County, Nebraska","State Government","1028 Public administration","County, by Supersector -- by ownership sector","All establishment sizes",2,0,0,0,0,0,0,0,"N",30.49,0,0,0,0,0,0,0,"N",0,0.0,0,0,0,0,0,0,0,0,0,0,0,0,0,0
"31117","2","1028","73","0","2016","3","N","McPherson County, Nebraska","State Government","1028 Public administration","County, by Supersector -- by ownership sector","All establishment sizes",2,0,0,0,0,0,0,0,"N",30.72,0,0,0,0,0,0,0,"N",0,0.0,0,0,0,0,0,0,0,0,0,0,0,0,0,0
"31117","2","1028","73","0","2016","4","N","McPherson County, Nebraska","State Government","1028 Public administration","County, by Supersector -- by ownership sector","All establishment sizes",2,0,0,0,0,0,0,0,"N",30.73,0,0,0,0,0,0,0,"N",0,0.0,0,0,0,0,0,0,0,0,0,0,0,0,0,0
"31117","2","92","74","0","2016","1","N","McPherson County, Nebraska","State Government","NAICS 92 Public administration","County, NAICS Sector -- by ownership sector","All establishment sizes",2,0,0,0,0,0,0,0,"N",30.24,0,0,0,0,0,0,0,"N",0,0.0,0,0,0,0,0,0,0,0,0,0,0,0,0,0
"31117","2","92","74","0","2016","2","N","McPherson County, Nebraska","State Government","NAICS 92 Public administration","County, NAICS Sector -- by ownership sector","All establishment sizes",2,0,0,0,0,0,0,0,"N",30.49,0,0,0,0,0,0,0,"N",0,0.0,0,0,0,0,0,0,0,0,0,0,0,0,0,0
"31117","2","92","74","0","2016","3","N","McPherson County, Nebraska","State Government","NAICS 92 Public administration","County, NAICS Sector -- by ownership sector","All establishment sizes",2,0,0,0,0,0,0,0,"N",30.72,0,0,0,0,0,0,0,"N",0,0.0,0,0,0,0,0,0,0,0,0,0,0,0,0,0
"31117","2","92","74","0","2016","4","N","McPherson County, Nebraska","State Government","NAICS 92 Public administration","County, NAICS Sector -- by ownership sector","All establishment sizes",2,0,0,0,0,0,0,0,"N",30.73,0,0,0,0,0,0,0,"N",0,0.0,0,0,0,0,0,0,0,0,0,0,0,0,0,0
"31117","2","922","75","0","2016","1","N","McPherson County, Nebraska","State Government","NAICS 922 Justice, public order, and safety activities","County, NAICS 3-digit -- by ownership sector","All establishment sizes",1,0,0,0,0,0,0,0,"N",52.54,0,0,0,0,0,0,0,"N",0,0.0,0,0,0,0,0,0,0,0,0,0,0,0,0,0
"31117","2","922","75","0","2016","2","N","McPherson County, Nebraska","State Government","NAICS 922 Justice, public order, and safety activities","County, NAICS 3-digit -- by ownership sector","All establishment sizes",1,0,0,0,0,0,0,0,"N",52.86,0,0,0,0,0,0,0,"N",0,0.0,0,0,0,0,0,0,0,0,0,0,0,0,0,0
"31117","2","922","75","0","2016","3","N","McPherson County, Nebraska","State Government","NAICS 922 Justice, public order, and safety activities","County, NAICS 3-digit -- by ownership sector","All establishment sizes",1,0,0,0,0,0,0,0,"N",52.94,0,0,0,0,0,0,0,"N",0,0.0,0,0,0,0,0,0,0,0,0,0,0,0,0,0
"31117","2","922","75","0","2016","4","N","McPherson County, Nebraska","State Government","NAICS 922 Justice, public order, and safety activities","County, NAICS 3-digit -- by ownership sector","All establishment sizes",1,0,0,0,0,0,0,0,"N",52.92,0,0,0,0,0,0,0,"N",0,0.0,0,0,0,0,0,0,0,0,0,0,0,0,0,0
"31117","2","9221","76","0","2016","1","N","McPherson County, Nebraska","State Government","NAICS 9221 Justice, public order, and safety activities","County, NAICS 4-digit -- by ownership sector","All establishment sizes",1,0,0,0,0,0,0,0,"N",52.54,0,0,0,0,0,0,0,"N",0,0.0,0,0,0,0,0,0,0,0,0,0,0,0,0,0
"31117","2","9221","76","0","2016","2","N","McPherson County, Nebraska","State Government","NAICS 9221 Justice, public order, and safety activities","County, NAICS 4-digit -- by ownership sector","All establishment sizes",1,0,0,0,0,0,0,0,"N",52.86,0,0,0,0,0,0,0,"N",0,0.0,0,0,0,0,0,0,0,0,0,0,0,0,0,0
"31117","2","9221","76","0","2016","3","N","McPherson County, Nebraska","State Government","NAICS 9221 Justice, public order, and safety activities","County, NAICS 4-digit -- by ownership sector","All establishment sizes",1,0,0,0,0,0,0,0,"N",52.94,0,0,0,0,0,0,0,"N",0,0.0,0,0,0,0,0,0,0,0,0,0,0,0,0,0
"31117","2","9221","76","0","2016","4","N","McPherson County, Nebraska","State Government","NAICS 9221 Justice, public order, and safety activities","County, NAICS 4-digit -- by ownership sector","All establishment sizes",1,0,0,0,0,0,0,0,"N",52.92,0,0,0,0,0,0,0,"N",0,0.0,0,0,0,0,0,0,0,0,0,0,0,0,0,0
"31117","2","92211","77","0","2016","1","N","McPherson County, Nebraska","State Government","NAICS 92211 Courts","County, NAICS 5-digit -- by ownership sector","All establishment sizes",1,0,0,0,0,0,0,0,"N",194.62,0,0,0,0,0,0,0,"N",0,0.0,0,0,0,0,0,0,0,0,0,0,0,0,0,0
"31117","2","92211","77","0","2016","2","N","McPherson County, Nebraska","State Government","NAICS 92211 Courts","County, NAICS 5-digit -- by ownership sector","All establishment sizes",1,0,0,0,0,0,0,0,"N",196.06,0,0,0,0,0,0,0,"N",0,0.0,0,0,0,0,0,0,0,0,0,0,0,0,0,0
"31117","2","92211","77","0","2016","3","N","McPherson County, Nebraska","State Government","NAICS 92211 Courts","County, NAICS 5-digit -- by ownership sector","All establishment sizes",1,0,0,0,0,0,0,0,"N",197.23,0,0,0,0,0,0,0,"N",0,0.0,0,0,0,0,0,0,0,0,0,0,0,0,0,0
"31117","2","92211","77","0","2016","4","N","McPherson County, Nebraska","State Government","NAICS 92211 Courts","County, NAICS 5-digit -- by ownership sector","All establishment sizes",1,0,0,0,0,0,0,0,"N",198.60,0,0,0,0,0,0,0,"N",0,0.0,0,0,0,0,0,0,0,0,0,0,0,0,0,0
"31117","2","922110","78","0","2016","1","N","McPherson County, Nebraska","State Government","NAICS 922110 Courts","County, NAICS 6-digit -- by ownership sector","All establishment sizes",1,0,0,0,0,0,0,0,"N",194.62,0,0,0,0,0,0,0,"N",0,0.0,0,0,0,0,0,0,0,0,0,0,0,0,0,0
"31117","2","922110","78","0","2016","2","N","McPherson County, Nebraska","State Government","NAICS 922110 Courts","County, NAICS 6-digit -- by ownership sector","All establishment sizes",1,0,0,0,0,0,0,0,"N",196.06,0,0,0,0,0,0,0,"N",0,0.0,0,0,0,0,0,0,0,0,0,0,0,0,0,0
"31117","2","922110","78","0","2016","3","N","McPherson County, Nebraska","State Government","NAICS 922110 Courts","County, NAICS 6-digit -- by ownership sector","All establishment sizes",1,0,0,0,0,0,0,0,"N",197.23,0,0,0,0,0,0,0,"N",0,0.0,0,0,0,0,0,0,0,0,0,0,0,0,0,0
"31117","2","922110","78","0","2016","4","N","McPherson County, Nebraska","State Government","NAICS 922110 Courts","County, NAICS 6-digit -- by ownership sector","All establishment sizes",1,0,0,0,0,0,0,0,"N",198.60,0,0,0,0,0,0,0,"N",0,0.0,0,0,0,0,0,0,0,0,0,0,0,0,0,0
"31117","2","926","75","0","2016","1","N","McPherson County, Nebraska","State Government","NAICS 926 Administration of economic programs","County, NAICS 3-digit -- by ownership sector","All establishment sizes",1,0,0,0,0,0,0,0,"N",68.14,0,0,0,0,0,0,0,"N",0,0.0,0,0,0,0,0,0,0,0,0,0,0,0,0,0
"31117","2","926","75","0","2016","2","N","McPherson County, Nebraska","State Government","NAICS 926 Administration of economic programs","County, NAICS 3-digit -- by ownership sector","All establishment sizes",1,0,0,0,0,0,0,0,"N",68.67,0,0,0,0,0,0,0,"N",0,0.0,0,0,0,0,0,0,0,0,0,0,0,0,0,0
"31117","2","926","75","0","2016","3","N","McPherson County, Nebraska","State Government","NAICS 926 Administration of economic programs","County, NAICS 3-digit -- by ownership sector","All establishment sizes",1,0,0,0,0,0,0,0,"N",69.34,0,0,0,0,0,0,0,"N",0,0.0,0,0,0,0,0,0,0,0,0,0,0,0,0,0
"31117","2","926","75","0","2016","4","N","McPherson County, Nebraska","State Government","NAICS 926 Administration of economic programs","County, NAICS 3-digit -- by ownership sector","All establishment sizes",1,0,0,0,0,0,0,0,"N",69.62,0,0,0,0,0,0,0,"N",0,0.0,0,0,0,0,0,0,0,0,0,0,0,0,0,0
"31117","2","9261","76","0","2016","1","N","McPherson County, Nebraska","State Government","NAICS 9261 Administration of economic programs","County, NAICS 4-digit -- by ownership sector","All establishment sizes",1,0,0,0,0,0,0,0,"N",68.14,0,0,0,0,0,0,0,"N",0,0.0,0,0,0,0,0,0,0,0,0,0,0,0,0,0
"31117","2","9261","76","0","2016","2","N","McPherson County, Nebraska","State Government","NAICS 9261 Administration of economic programs","County, NAICS 4-digit -- by ownership sector","All establishment sizes",1,0,0,0,0,0,0,0,"N",68.67,0,0,0,0,0,0,0,"N",0,0.0,0,0,0,0,0,0,0,0,0,0,0,0,0,0
"31117","2","9261","76","0","2016","3","N","McPherson County, Nebraska","State Government","NAICS 9261 Administration of economic programs","County, NAICS 4-digit -- by ownership sector","All establishment sizes",1,0,0,0,0,0,0,0,"N",69.34,0,0,0,0,0,0,0,"N",0,0.0,0,0,0,0,0,0,0,0,0,0,0,0,0,0
"31117","2","9261","76","0","2016","4","N","McPherson County, Nebraska","State Government","NAICS 9261 Administration of economic programs","County, NAICS 4-digit -- by ownership sector","All establishment sizes",1,0,0,0,0,0,0,0,"N",69.62,0,0,0,0,0,0,0,"N",0,0.0,0,0,0,0,0,0,0,0,0,0,0,0,0,0
"31117","2","92614","77","0","2016","1","N","McPherson County, Nebraska","State Government","NAICS 92614 Agricultural market and commodity regulation","County, NAICS 5-digit -- by ownership sector","All establishment sizes",1,0,0,0,0,0,0,0,"N",229.30,0,0,0,0,0,0,0,"N",0,0.0,0,0,0,0,0,0,0,0,0,0,0,0,0,0
"31117","2","92614","77","0","2016","2","N","McPherson County, Nebraska","State Government","NAICS 92614 Agricultural market and commodity regulation","County, NAICS 5-digit -- by ownership sector","All establishment sizes",1,0,0,0,0,0,0,0,"N",231.62,0,0,0,0,0,0,0,"N",0,0.0,0,0,0,0,0,0,0,0,0,0,0,0,0,0
"31117","2","92614","77","0","2016","3","N","McPherson County, Nebraska","State Government","NAICS 92614 Agricultural market and commodity regulation","County, NAICS 5-digit -- by ownership sector","All establishment sizes",1,0,0,0,0,0,0,0,"N",233.34,0,0,0,0,0,0,0,"N",0,0.0,0,0,0,0,0,0,0,0,0,0,0,0,0,0
"31117","2","92614","77","0","2016","4","N","McPherson County, Nebraska","State Government","NAICS 92614 Agricultural market and commodity regulation","County, NAICS 5-digit -- by ownership sector","All establishment sizes",1,0,0,0,0,0,0,0,"N",233.28,0,0,0,0,0,0,0,"N",0,0.0,0,0,0,0,0,0,0,0,0,0,0,0,0,0
"31117","2","926140","78","0","2016","1","N","McPherson County, Nebraska","State Government","NAICS 926140 Agricultural market and commodity regulation","County, NAICS 6-digit -- by ownership sector","All establishment sizes",1,0,0,0,0,0,0,0,"N",229.30,0,0,0,0,0,0,0,"N",0,0.0,0,0,0,0,0,0,0,0,0,0,0,0,0,0
"31117","2","926140","78","0","2016","2","N","McPherson County, Nebraska","State Government","NAICS 926140 Agricultural market and commodity regulation","County, NAICS 6-digit -- by ownership sector","All establishment sizes",1,0,0,0,0,0,0,0,"N",231.62,0,0,0,0,0,0,0,"N",0,0.0,0,0,0,0,0,0,0,0,0,0,0,0,0,0
"31117","2","926140","78","0","2016","3","N","McPherson County, Nebraska","State Government","NAICS 926140 Agricultural market and commodity regulation","County, NAICS 6-digit -- by ownership sector","All establishment sizes",1,0,0,0,0,0,0,0,"N",233.34,0,0,0,0,0,0,0,"N",0,0.0,0,0,0,0,0,0,0,0,0,0,0,0,0,0
"31117","2","926140","78","0","2016","4","N","McPherson County, Nebraska","State Government","NAICS 926140 Agricultural market and commodity regulation","County, NAICS 6-digit -- by ownership sector","All establishment sizes",1,0,0,0,0,0,0,0,"N",233.28,0,0,0,0,0,0,0,"N",0,0.0,0,0,0,0,0,0,0,0,0,0,0,0,0,0
"31117","3","10","71","0","2016","1","N","McPherson County, Nebraska","Local Government","10 Total, all industries","County, Total -- by ownership sector","All establishment sizes",2,0,0,0,0,0,0,0,"N",8.73,0,0,0,0,0,0,0,"N",0,0.0,0,0,0,0,0,0,0,0,0,0,0,0,0,0
"31117","3","10","71","0","2016","2","N","McPherson County, Nebraska","Local Government","10 Total, all industries","County, Total -- by ownership sector","All establishment sizes",2,0,0,0,0,0,0,0,"N",8.79,0,0,0,0,0,0,0,"N",0,0.0,0,0,0,0,0,0,0,0,0,0,0,0,0,0
"31117","3","10","71","0","2016","3","N","McPherson County, Nebraska","Local Government","10 Total, all industries","County, Total -- by ownership sector","All establishment sizes",2,0,0,0,0,0,0,0,"N",8.86,0,0,0,0,0,0,0,"N",0,0.0,0,0,0,0,0,0,0,0,0,0,0,0,0,0
"31117","3","10","71","0","2016","4","N","McPherson County, Nebraska","Local Government","10 Total, all industries","County, Total -- by ownership sector","All establishment sizes",2,0,0,0,0,0,0,0,"N",8.93,0,0,0,0,0,0,0,"N",0,0.0,0,0,0,0,0,0,0,0,0,0,0,0,0,0
"31117","3","102","72","0","2016","1","N","McPherson County, Nebraska","Local Government","102 Service-providing","County, by Domain -- by ownership sector","All establishment sizes",2,0,0,0,0,0,0,0,"N",8.98,0,0,0,0,0,0,0,"N",0,0.0,0,0,0,0,0,0,0,0,0,0,0,0,0,0
"31117","3","102","72","0","2016","2","N","McPherson County, Nebraska","Local Government","102 Service-providing","County, by Domain -- by ownership sector","All establishment sizes",2,0,0,0,0,0,0,0,"N",9.04,0,0,0,0,0,0,0,"N",0,0.0,0,0,0,0,0,0,0,0,0,0,0,0,0,0
"31117","3","102","72","0","2016","3","N","McPherson County, Nebraska","Local Government","102 Service-providing","County, by Domain -- by ownership sector","All establishment sizes",2,0,0,0,0,0,0,0,"N",9.11,0,0,0,0,0,0,0,"N",0,0.0,0,0,0,0,0,0,0,0,0,0,0,0,0,0
"31117","3","102","72","0","2016","4","N","McPherson County, Nebraska","Local Government","102 Service-providing","County, by Domain -- by ownership sector","All establishment sizes",2,0,0,0,0,0,0,0,"N",9.18,0,0,0,0,0,0,0,"N",0,0.0,0,0,0,0,0,0,0,0,0,0,0,0,0,0
"31117","3","1025","73","0","2016","1","N","McPherson County, Nebraska","Local Government","1025 Education and health services","County, by Supersector -- by ownership sector","All establishment sizes",1,0,0,0,0,0,0,0,"N",10.14,0,0,0,0,0,0,0,"N",0,0.0,0,0,0,0,0,0,0,0,0,0,0,0,0,0
"31117","3","1025","73","0","2016","2","N","McPherson County, Nebraska","Local Government","1025 Education and health services","County, by Supersector -- by ownership sector","All establishment sizes",1,0,0,0,0,0,0,0,"N",10.21,0,0,0,0,0,0,0,"N",0,0.0,0,0,0,0,0,0,0,0,0,0,0,0,0,0
"31117","3","1025","73","0","2016","3","N","McPherson County, Nebraska","Local Government","1025 Education and health services","County, by Supersector -- by ownership sector","All establishment sizes",1,0,0,0,0,0,0,0,"N",10.26,0,0,0,0,0,0,0,"N",0,0.0,0,0,0,0,0,0,0,0,0,0,0,0,0,0
"31117","3","1025","73","0","2016","4","N","McPherson County, Nebraska","Local Government","1025 Education and health services","County, by Supersector -- by ownership sector","All establishment sizes",1,0,0,0,0,0,0,0,"N",10.35,0,0,0,0,0,0,0,"N",0,0.0,0,0,0,0,0,0,0,0,0,0,0,0,0,0
"31117","3","1028","73","0","2016","1","N","McPherson County, Nebraska","Local Government","1028 Public administration","County, by Supersector -- by ownership sector","All establishment sizes",1,0,0,0,0,0,0,0,"N",12.05,0,0,0,0,0,0,0,"N",0,0.0,0,0,0,0,0,0,0,0,0,0,0,0,0,0
"31117","3","1028","73","0","2016","2","N","McPherson County, Nebraska","Local Government","1028 Public administration","County, by Supersector -- by ownership sector","All establishment sizes",1,0,0,0,0,0,0,0,"N",12.13,0,0,0,0,0,0,0,"N",0,0.0,0,0,0,0,0,0,0,0,0,0,0,0,0,0
"31117","3","1028","73","0","2016","3","N","McPherson County, Nebraska","Local Government","1028 Public administration","County, by Supersector -- by ownership sector","All establishment sizes",1,0,0,0,0,0,0,0,"N",12.23,0,0,0,0,0,0,0,"N",0,0.0,0,0,0,0,0,0,0,0,0,0,0,0,0,0
"31117","3","1028","73","0","2016","4","N","McPherson County, Nebraska","Local Government","1028 Public administration","County, by Supersector -- by ownership sector","All establishment sizes",1,0,0,0,0,0,0,0,"N",12.32,0,0,0,0,0,0,0,"N",0,0.0,0,0,0,0,0,0,0,0,0,0,0,0,0,0
"31117","3","61","74","0","2016","1","N","McPherson County, Nebraska","Local Government","NAICS 61 Educational services","County, NAICS Sector -- by ownership sector","All establishment sizes",1,0,0,0,0,0,0,0,"N",11.22,0,0,0,0,0,0,0,"N",0,0.0,0,0,0,0,0,0,0,0,0,0,0,0,0,0
"31117","3","61","74","0","2016","2","N","McPherson County, Nebraska","Local Government","NAICS 61 Educational services","County, NAICS Sector -- by ownership sector","All establishment sizes",1,0,0,0,0,0,0,0,"N",11.30,0,0,0,0,0,0,0,"N",0,0.0,0,0,0,0,0,0,0,0,0,0,0,0,0,0
"31117","3","61","74","0","2016","3","N","McPherson County, Nebraska","Local Government","NAICS 61 Educational services","County, NAICS Sector -- by ownership sector","All establishment sizes",1,0,0,0,0,0,0,0,"N",11.36,0,0,0,0,0,0,0,"N",0,0.0,0,0,0,0,0,0,0,0,0,0,0,0,0,0
"31117","3","61","74","0","2016","4","N","McPherson County, Nebraska","Local Government","NAICS 61 Educational services","County, NAICS Sector -- by ownership sector","All establishment sizes",1,0,0,0,0,0,0,0,"N",11.47,0,0,0,0,0,0,0,"N",0,0.0,0,0,0,0,0,0,0,0,0,0,0,0,0,0
"31117","3","611","75","0","2016","1","N","McPherson County, Nebraska","Local Government","NAICS 611 Educational services","County, NAICS 3-digit -- by ownership sector","All establishment sizes",1,0,0,0,0,0,0,0,"N",11.22,0,0,0,0,0,0,0,"N",0,0.0,0,0,0,0,0,0,0,0,0,0,0,0,0,0
"31117","3","611","75","0","2016","2","N","McPherson County, Nebraska","Local Government","NAICS 611 Educational services","County, NAICS 3-digit -- by ownership sector","All establishment sizes",1,0,0,0,0,0,0,0,"N",11.30,0,0,0,0,0,0,0,"N",0,0.0,0,0,0,0,0,0,0,0,0,0,0,0,0,0
"31117","3","611","75","0","2016","3","N","McPherson County, Nebraska","Local Government","NAICS 611 Educational services","County, NAICS 3-digit -- by ownership sector","All establishment sizes",1,0,0,0,0,0,0,0,"N",11.36,0,0,0,0,0,0,0,"N",0,0.0,0,0,0,0,0,0,0,0,0,0,0,0,0,0
"31117","3","611","75","0","2016","4","N","McPherson County, Nebraska","Local Government","NAICS 611 Educational services","County, NAICS 3-digit -- by ownership sector","All establishment sizes",1,0,0,0,0,0,0,0,"N",11.47,0,0,0,0,0,0,0,"N",0,0.0,0,0,0,0,0,0,0,0,0,0,0,0,0,0
"31117","3","6111","76","0","2016","1","N","McPherson County, Nebraska","Local Government","NAICS 6111 Elementary and secondary schools","County, NAICS 4-digit -- by ownership sector","All establishment sizes",1,0,0,0,0,0,0,0,"N",11.60,0,0,0,0,0,0,0,"N",0,0.0,0,0,0,0,0,0,0,0,0,0,0,0,0,0
"31117","3","6111","76","0","2016","2","N","McPherson County, Nebraska","Local Government","NAICS 6111 Elementary and secondary schools","County, NAICS 4-digit -- by ownership sector","All establishment sizes",1,0,0,0,0,0,0,0,"N",11.68,0,0,0,0,0,0,0,"N",0,0.0,0,0,0,0,0,0,0,0,0,0,0,0,0,0
"31117","3","6111","76","0","2016","3","N","McPherson County, Nebraska","Local Government","NAICS 6111 Elementary and secondary schools","County, NAICS 4-digit -- by ownership sector","All establishment sizes",1,0,0,0,0,0,0,0,"N",11.75,0,0,0,0,0,0,0,"N",0,0.0,0,0,0,0,0,0,0,0,0,0,0,0,0,0
"31117","3","6111","76","0","2016","4","N","McPherson County, Nebraska","Local Government","NAICS 6111 Elementary and secondary schools","County, NAICS 4-digit -- by ownership sector","All establishment sizes",1,0,0,0,0,0,0,0,"N",11.86,0,0,0,0,0,0,0,"N",0,0.0,0,0,0,0,0,0,0,0,0,0,0,0,0,0
"31117","3","61111","77","0","2016","1","N","McPherson County, Nebraska","Local Government","NAICS 61111 Elementary and secondary schools","County, NAICS 5-digit -- by ownership sector","All establishment sizes",1,0,0,0,0,0,0,0,"N",11.60,0,0,0,0,0,0,0,"N",0,0.0,0,0,0,0,0,0,0,0,0,0,0,0,0,0
"31117","3","61111","77","0","2016","2","N","McPherson County, Nebraska","Local Government","NAICS 61111 Elementary and secondary schools","County, NAICS 5-digit -- by ownership sector","All establishment sizes",1,0,0,0,0,0,0,0,"N",11.68,0,0,0,0,0,0,0,"N",0,0.0,0,0,0,0,0,0,0,0,0,0,0,0,0,0
"31117","3","61111","77","0","2016","3","N","McPherson County, Nebraska","Local Government","NAICS 61111 Elementary and secondary schools","County, NAICS 5-digit -- by ownership sector","All establishment sizes",1,0,0,0,0,0,0,0,"N",11.75,0,0,0,0,0,0,0,"N",0,0.0,0,0,0,0,0,0,0,0,0,0,0,0,0,0
"31117","3","61111","77","0","2016","4","N","McPherson County, Nebraska","Local Government","NAICS 61111 Elementary and secondary schools","County, NAICS 5-digit -- by ownership sector","All establishment sizes",1,0,0,0,0,0,0,0,"N",11.86,0,0,0,0,0,0,0,"N",0,0.0,0,0,0,0,0,0,0,0,0,0,0,0,0,0
"31117","3","611110","78","0","2016","1","N","McPherson County, Nebraska","Local Government","NAICS 611110 Elementary and secondary schools","County, NAICS 6-digit -- by ownership sector","All establishment sizes",1,0,0,0,0,0,0,0,"N",11.60,0,0,0,0,0,0,0,"N",0,0.0,0,0,0,0,0,0,0,0,0,0,0,0,0,0
"31117","3","611110","78","0","2016","2","N","McPherson County, Nebraska","Local Government","NAICS 611110 Elementary and secondary schools","County, NAICS 6-digit -- by ownership sector","All establishment sizes",1,0,0,0,0,0,0,0,"N",11.68,0,0,0,0,0,0,0,"N",0,0.0,0,0,0,0,0,0,0,0,0,0,0,0,0,0
"31117","3","611110","78","0","2016","3","N","McPherson County, Nebraska","Local Government","NAICS 611110 Elementary and secondary schools","County, NAICS 6-digit -- by ownership sector","All establishment sizes",1,0,0,0,0,0,0,0,"N",11.75,0,0,0,0,0,0,0,"N",0,0.0,0,0,0,0,0,0,0,0,0,0,0,0,0,0
"31117","3","611110","78","0","2016","4","N","McPherson County, Nebraska","Local Government","NAICS 611110 Elementary and secondary schools","County, NAICS 6-digit -- by ownership sector","All establishment sizes",1,0,0,0,0,0,0,0,"N",11.86,0,0,0,0,0,0,0,"N",0,0.0,0,0,0,0,0,0,0,0,0,0,0,0,0,0
"31117","3","92","74","0","2016","1","N","McPherson County, Nebraska","Local Government","NAICS 92 Public administration","County, NAICS Sector -- by ownership sector","All establishment sizes",1,0,0,0,0,0,0,0,"N",12.05,0,0,0,0,0,0,0,"N",0,0.0,0,0,0,0,0,0,0,0,0,0,0,0,0,0
"31117","3","92","74","0","2016","2","N","McPherson County, Nebraska","Local Government","NAICS 92 Public administration","County, NAICS Sector -- by ownership sector","All establishment sizes",1,0,0,0,0,0,0,0,"N",12.13,0,0,0,0,0,0,0,"N",0,0.0,0,0,0,0,0,0,0,0,0,0,0,0,0,0
"31117","3","92","74","0","2016","3","N","McPherson County, Nebraska","Local Government","NAICS 92 Public administration","County, NAICS Sector -- by ownership sector","All establishment sizes",1,0,0,0,0,0,0,0,"N",12.23,0,0,0,0,0,0,0,"N",0,0.0,0,0,0,0,0,0,0,0,0,0,0,0,0,0
"31117","3","92","74","0","2016","4","N","McPherson County, Nebraska","Local Government","NAICS 92 Public administration","County, NAICS Sector -- by ownership sector","All establishment sizes",1,0,0,0,0,0,0,0,"N",12.32,0,0,0,0,0,0,0,"N",0,0.0,0,0,0,0,0,0,0,0,0,0,0,0,0,0
"31117","3","921","75","0","2016","1","N","McPherson County, Nebraska","Local Government","NAICS 921 Executive, legislative and general government","County, NAICS 3-digit -- by ownership sector","All establishment sizes",1,0,0,0,0,0,0,0,"N",20.27,0,0,0,0,0,0,0,"N",0,0.0,0,0,0,0,0,0,0,0,0,0,0,0,0,0
"31117","3","921","75","0","2016","2","N","McPherson County, Nebraska","Local Government","NAICS 921 Executive, legislative and general government","County, NAICS 3-digit -- by ownership sector","All establishment sizes",1,0,0,0,0,0,0,0,"N",20.43,0,0,0,0,0,0,0,"N",0,0.0,0,0,0,0,0,0,0,0,0,0,0,0,0,0
"31117","3","921","75","0","2016","3","N","McPherson County, Nebraska","Local Government","NAICS 921 Executive, legislative and general government","County, NAICS 3-digit -- by ownership sector","All establishment sizes",1,0,0,0,0,0,0,0,"N",20.60,0,0,0,0,0,0,0,"N",0,0.0,0,0,0,0,0,0,0,0,0,0,0,0,0,0
"31117","3","921","75","0","2016","4","N","McPherson County, Nebraska","Local Government","NAICS 921 Executive, legislative and general government","County, NAICS 3-digit -- by ownership sector","All establishment sizes",1,0,0,0,0,0,0,0,"N",20.75,0,0,0,0,0,0,0,"N",0,0.0,0,0,0,0,0,0,0,0,0,0,0,0,0,0
"31117","3","9211","76","0","2016","1","N","McPherson County, Nebraska","Local Government","NAICS 9211 Executive, legislative and general government","County, NAICS 4-digit -- by ownership sector","All establishment sizes",1,0,0,0,0,0,0,0,"N",20.27,0,0,0,0,0,0,0,"N",0,0.0,0,0,0,0,0,0,0,0,0,0,0,0,0,0
"31117","3","9211","76","0","2016","2","N","McPherson County, Nebraska","Local Government","NAICS 9211 Executive, legislative and general government","County, NAICS 4-digit -- by ownership sector","All establishment sizes",1,0,0,0,0,0,0,0,"N",20.43,0,0,0,0,0,0,0,"N",0,0.0,0,0,0,0,0,0,0,0,0,0,0,0,0,0
"31117","3","9211","76","0","2016","3","N","McPherson County, Nebraska","Local Government","NAICS 9211 Executive, legislative and general government","County, NAICS 4-digit -- by ownership sector","All establishment sizes",1,0,0,0,0,0,0,0,"N",20.60,0,0,0,0,0,0,0,"N",0,0.0,0,0,0,0,0,0,0,0,0,0,0,0,0,0
"31117","3","9211","76","0","2016","4","N","McPherson County, Nebraska","Local Government","NAICS 9211 Executive, legislative and general government","County, NAICS 4-digit -- by ownership sector","All establishment sizes",1,0,0,0,0,0,0,0,"N",20.75,0,0,0,0,0,0,0,"N",0,0.0,0,0,0,0,0,0,0,0,0,0,0,0,0,0
"31117","3","92114","77","0","2016","1","N","McPherson County, Nebraska","Local Government","NAICS 92114 Executive and legislative offices, combined","County, NAICS 5-digit -- by ownership sector","All establishment sizes",1,0,0,0,0,0,0,0,"N",34.62,0,0,0,0,0,0,0,"N",0,0.0,0,0,0,0,0,0,0,0,0,0,0,0,0,0
"31117","3","92114","77","0","2016","2","N","McPherson County, Nebraska","Local Government","NAICS 92114 Executive and legislative offices, combined","County, NAICS 5-digit -- by ownership sector","All establishment sizes",1,0,0,0,0,0,0,0,"N",34.88,0,0,0,0,0,0,0,"N",0,0.0,0,0,0,0,0,0,0,0,0,0,0,0,0,0
"31117","3","92114","77","0","2016","3","N","McPherson County, Nebraska","Local Government","NAICS 92114 Executive and legislative offices, combined","County, NAICS 5-digit -- by ownership sector","All establishment sizes",1,0,0,0,0,0,0,0,"N",35.18,0,0,0,0,0,0,0,"N",0,0.0,0,0,0,0,0,0,0,0,0,0,0,0,0,0
"31117","3","92114","77","0","2016","4","N","McPherson County, Nebraska","Local Government","NAICS 92114 Executive and legislative offices, combined","County, NAICS 5-digit -- by ownership sector","All establishment sizes",1,0,0,0,0,0,0,0,"N",35.43,0,0,0,0,0,0,0,"N",0,0.0,0,0,0,0,0,0,0,0,0,0,0,0,0,0
"31117","3","921140","78","0","2016","1","N","McPherson County, Nebraska","Local Government","NAICS 921140 Executive and legislative offices, combined","County, NAICS 6-digit -- by ownership sector","All establishment sizes",1,0,0,0,0,0,0,0,"N",34.62,0,0,0,0,0,0,0,"N",0,0.0,0,0,0,0,0,0,0,0,0,0,0,0,0,0
"31117","3","921140","78","0","2016","2","N","McPherson County, Nebraska","Local Government","NAICS 921140 Executive and legislative offices, combined","County, NAICS 6-digit -- by ownership sector","All establishment sizes",1,0,0,0,0,0,0,0,"N",34.88,0,0,0,0,0,0,0,"N",0,0.0,0,0,0,0,0,0,0,0,0,0,0,0,0,0
"31117","3","921140","78","0","2016","3","N","McPherson County, Nebraska","Local Government","NAICS 921140 Executive and legislative offices, combined","County, NAICS 6-digit -- by ownership sector","All establishment sizes",1,0,0,0,0,0,0,0,"N",35.18,0,0,0,0,0,0,0,"N",0,0.0,0,0,0,0,0,0,0,0,0,0,0,0,0,0
"31117","3","921140","78","0","2016","4","N","McPherson County, Nebraska","Local Government","NAICS 921140 Executive and legislative offices, combined","County, NAICS 6-digit -- by ownership sector","All establishment sizes",1,0,0,0,0,0,0,0,"N",35.43,0,0,0,0,0,0,0,"N",0,0.0,0,0,0,0,0,0,0,0,0,0,0,0,0,0
"31117","5","10","71","0","2016","1","","McPherson County, Nebraska","Private","10 Total, all industries","County, Total -- by ownership sector","All establishment sizes",8,36,34,34,258982,174020,2739,575,"",0.64,0.57,0.51,0.49,0.50,1.01,1.01,0.96,"",0,0.0,-7,-16.3,-8,-19.0,-8,-19.0,-22890,-8.1,-8761,-4.8,-100,-3.5,63,12.3
"31117","5","10","71","0","2016","2","","McPherson County, Nebraska","Private","10 Total, all industries","County, Total -- by ownership sector","All establishment sizes",8,33,31,33,234753,65961,1011,558,"",0.63,0.48,0.48,0.50,0.49,1.02,1.01,1.00,"",0,0.0,-5,-13.2,-9,-22.5,-6,-15.4,1366,0.6,3805,6.1,55,5.8,98,21.3
"31117","5","10","71","0","2016","3","","McPherson County, Nebraska","Private","10 Total, all industries","County, Total -- by ownership sector","All establishment sizes",8,33,35,34,227245,33023,453,514,"",0.63,0.55,0.57,0.50,0.47,1.03,1.01,0.88,"",-1,-11.1,-5,-13.2,-5,-12.5,-3,-8.1,-34981,-13.3,-14967,-31.2,-183,-28.8,-12,-2.3
"31117","5","10","71","0","2016","4","","McPherson County, Nebraska","Private","10 Total, all industries","County, Total -- by ownership sector","All establishment sizes",8,36,35,38,262919,49070,754,557,"",0.63,0.51,0.52,0.54,0.50,1.03,1.01,0.95,"",-1,-11.1,2,5.9,-1,-2.8,1,2.7,-5526,-2.1,25401,107.3,444,143.2,-22,-3.8
"31117","5","101","72","0","2016","1","N","McPherson County, Nebraska","Private","101 Goods-producing","County, by Domain -- by ownership sector","All establishment sizes",1,0,0,0,0,0,0,0,"N",0.59,0,0,0,0,0,0,0,"N",0,0.0,0,0,0,0,0,0,0,0,0,0,0,0,0,0
"31117","5","101","72","0","2016","2","N","McPherson County, Nebraska","Private","101 Goods-producing","County, by Domain -- by ownership sector","All establishment sizes",1,0,0,0,0,0,0,0,"N",0.59,0,0,0,0,0,0,0,"N",0,0.0,0,0,0,0,0,0,0,0,0,0,0,0,0,0
"31117","5","101","72","0","2016","3","N","McPherson County, Nebraska","Private","101 Goods-producing","County, by Domain -- by ownership sector","All establishment sizes",1,0,0,0,0,0,0,0,"N",0.60,0,0,0,0,0,0,0,"N",0,0.0,0,0,0,0,0,0,0,0,0,0,0,0,0,0
"31117","5","101","72","0","2016","4","N","McPherson County, Nebraska","Private","101 Goods-producing","County, by Domain -- by ownership sector","All establishment sizes",1,0,0,0,0,0,0,0,"N",0.60,0,0,0,0,0,0,0,"N",0,0.0,0,0,0,0,0,0,0,0,0,0,0,0,0,0
"31117","5","1013","73","0","2016","1","N","McPherson County, Nebraska","Private","1013 Manufacturing","County, by Supersector -- by ownership sector","All establishment sizes",1,0,0,0,0,0,0,0,"N",2.16,0,0,0,0,0,0,0,"N",0,0.0,0,0,0,0,0,0,0,0,0,0,0,0,0,0
"31117","5","1013","73","0","2016","2","N","McPherson County, Nebraska","Private","1013 Manufacturing","County, by Supersector -- by ownership sector","All establishment sizes",1,0,0,0,0,0,0,0,"N",2.17,0,0,0,0,0,0,0,"N",0,0.0,0,0,0,0,0,0,0,0,0,0,0,0,0,0
"31117","5","1013","73","0","2016","3","N","McPherson County, Nebraska","Private","1013 Manufacturing","County, by Supersector -- by ownership sector","All establishment sizes",1,0,0,0,0,0,0,0,"N",2.18,0,0,0,0,0,0,0,"N",0,0.0,0,0,0,0,0,0,0,0,0,0,0,0,0,0
"31117","5","1013","73","0","2016","4","N","McPherson County, Nebraska","Private","1013 Manufacturing","County, by Supersector -- by ownership sector","All establishment sizes",1,0,0,0,0,0,0,0,"N",2.19,0,0,0,0,0,0,0,"N",0,0.0,0,0,0,0,0,0,0,0,0,0,0,0,0,0
"31117","5","102","72","0","2016","1","N","McPherson County, Nebraska","Private","102 Service-providing","County, by Domain -- by ownership sector","All establishment sizes",7,0,0,0,0,0,0,0,"N",0.64,0,0,0,0,0,0,0,"N",0,0.0,0,0,0,0,0,0,0,0,0,0,0,0,0,0
"31117","5","102","72","0","2016","2","N","McPherson County, Nebraska","Private","102 Service-providing","County, by Domain -- by ownership sector","All establishment sizes",7,0,0,0,0,0,0,0,"N",0.64,0,0,0,0,0,0,0,"N",0,0.0,0,0,0,0,0,0,0,0,0,0,0,0,0,0
"31117","5","102","72","0","2016","3","N","McPherson County, Nebraska","Private","102 Service-providing","County, by Domain -- by ownership sector","All establishment sizes",7,0,0,0,0,0,0,0,"N",0.64,0,0,0,0,0,0,0,"N",-1,-12.5,0,0,0,0,0,0,0,0,0,0,0,0,0,0
"31117","5","102","72","0","2016","4","N","McPherson County, Nebraska","Private","102 Service-providing","County, by Domain -- by ownership sector","All establishment sizes",7,0,0,0,0,0,0,0,"N",0.64,0,0,0,0,0,0,0,"N",-1,-12.5,0,0,0,0,0,0,0,0,0,0,0,0,0,0
"31117","5","1021","73","0","2016","1","","McPherson County, Nebraska","Private","1021 Trade, transportation, and utilities","County, by Supersector -- by ownership sector","All establishment sizes",3,26,25,25,225955,140993,2136,686,"",1.16,1.81,1.67,1.61,2.38,3.64,4.08,1.40,"",0,0.0,-2,-7.1,0,0.0,-1,-3.8,5516,2.5,5451,4.0,-194,-8.3,42,6.5
"31117","5","1021","73","0","2016","2","","McPherson County, Nebraska","Private","1021 Trade, transportation, and utilities","County, by Supersector -- by ownership sector","All establishment sizes",3,24,23,25,202752,52089,833,650,"",1.17,1.57,1.58,1.72,2.20,3.41,4.26,1.36,"",0,0.0,2,9.1,0,0.0,1,4.2,22922,12.7,8832,20.4,22,2.7,49,8.2
"31117","5","1021","73","0","2016","3","","McPherson County, Nebraska","Private","1021 Trade, transportation, and utilities","County, by Supersector -- by ownership sector","All establishment sizes",3,24,26,25,195631,20424,304,602,"",1.17,1.79,1.90,1.66,2.15,2.80,3.77,1.21,"",0,0.0,2,9.1,2,8.3,2,8.7,-9948,-4.8,-4079,-16.6,-130,-30.0,-86,-12.5
"31117","5","1021","73","0","2016","4","","McPherson County, Nebraska","Private","1021 Trade, transportation, and utilities","County, by Supersector -- by ownership sector","All establishment sizes",3,25,25,27,221539,29684,438,664,"",1.18,1.59,1.64,1.67,2.25,2.66,3.07,1.37,"",0,0.0,3,13.6,2,8.7,3,12.5,10402,4.9,17511,143.9,206,88.8,-42,-5.9
"31117","5","1022","73","0","2016","1","N","McPherson County, Nebraska","Private","1022 Information","County, by Supersector -- by ownership sector","All establishment sizes",1,0,0,0,0,0,0,0,"N",4.78,0,0,0,0,0,0,0,"N",0,0.0,0,0,0,0,0,0,0,0,0,0,0,0,0,0
"31117","5","1022","73","0","2016","2","N","McPherson County, Nebraska","Private","1022 Information","County, by Supersector -- by ownership sector","All establishment sizes",1,0,0,0,0,0,0,0,"N",4.77,0,0,0,0,0,0,0,"N",0,0.0,0,0,0,0,0,0,0,0,0,0,0,0,0,0
"31117","5","1022","73","0","2016","3","N","McPherson County, Nebraska","Private","1022 Information","County, by Supersector -- by ownership sector","All establishment sizes",1,0,0,0,0,0,0,0,"N",4.76,0,0,0,0,0,0,0,"N",0,0.0,0,0,0,0,0,0,0,0,0,0,0,0,0,0
"31117","5","1022","73","0","2016","4","N","McPherson County, Nebraska","Private","1022 Information","County, by Supersector -- by ownership sector","All establishment sizes",1,0,0,0,0,0,0,0,"N",4.75,0,0,0,0,0,0,0,"N",0,0.0,0,0,0,0,0,0,0,0,0,0,0,0,0,0
"31117","5","1023","73","0","2016","1","N","McPherson County, Nebraska","Private","1023 Financial activities","County, by Supersector -- by ownership sector","All establishment sizes",1,0,0,0,0,0,0,0,"N",0.87,0,0,0,0,0,0,0,"N",0,0.0,0,0,0,0,0,0,0,0,0,0,0,0,0,0
"31117","5","1023","73","0","2016","2","N","McPherson County, Nebraska","Private","1023 Financial activities","County, by Supersector -- by ownership sector","All establishment sizes",1,0,0,0,0,0,0,0,"N",0.87,0,0,0,0,0,0,0,"N",0,0.0,0,0,0,0,0,0,0,0,0,0,0,0,0,0
"31117","5","1023","73","0","2016","3","N","McPherson County, Nebraska","Private","1023 Financial activities","County, by Supersector -- by ownership sector","All establishment sizes",1,0,0,0,0,0,0,0,"N",0.87,0,0,0,0,0,0,0,"N",0,0.0,0,0,0,0,0,0,0,0,0,0,0,0,0,0
"31117","5","1023","73","0","2016","4","N","McPherson County, Nebraska","Private","1023 Financial activities","County, by Supersector -- by ownership sector","All establishment sizes",1,0,0,0,0,0,0,0,"N",0.87,0,0,0,0,0,0,0,"N",0,0.0,0,0,0,0,0,0,0,0,0,0,0,0,0,0
"31117","5","1024","73","0","2016","1","N","McPherson County, Nebraska","Private","1024 Professional and business services","County, by Supersector -- by ownership sector","All establishment sizes",1,0,0,0,0,0,0,0,"N",0.43,0,0,0,0,0,0,0,"N",0,0.0,0,0,0,0,0,0,0,0,0,0,0,0,0,0
"31117","5","1024","73","0","2016","2","N","McPherson County, Nebraska","Private","1024 Professional and business services","County, by Supersector -- by ownership sector","All establishment sizes",1,0,0,0,0,0,0,0,"N",0.43,0,0,0,0,0,0,0,"N",0,0.0,0,0,0,0,0,0,0,0,0,0,0,0,0,0
"31117","5","1024","73","0","2016","3","N","McPherson County, Nebraska","Private","1024 Professional and business services","County, by Supersector -- by ownership sector","All establishment sizes",1,0,0,0,0,0,0,0,"N",0.43,0,0,0,0,0,0,0,"N",0,0.0,0,0,0,0,0,0,0,0,0,0,0,0,0,0
"31117","5","1024","73","0","2016","4","N","McPherson County, Nebraska","Private","1024 Professional and business services","County, by Supersector -- by ownership sector","All establishment sizes",1,0,0,0,0,0,0,0,"N",0.43,0,0,0,0,0,0,0,"N",0,0.0,0,0,0,0,0,0,0,0,0,0,0,0,0,0
"31117","5","1026","73","0","2016","1","N","McPherson County, Nebraska","Private","1026 Leisure and hospitality","County, by Supersector -- by ownership sector","All establishment sizes",1,0,0,0,0,0,0,0,"N",0.91,0,0,0,0,0,0,0,"N",0,0.0,0,0,0,0,0,0,0,0,0,0,0,0,0,0
"31117","5","1026","73","0","2016","2","N","McPherson County, Nebraska","Private","1026 Leisure and hospitality","County, by Supersector -- by ownership sector","All establishment sizes",1,0,0,0,0,0,0,0,"N",0.91,0,0,0,0,0,0,0,"N",0,0.0,0,0,0,0,0,0,0,0,0,0,0,0,0,0
"31117","5","1026","73","0","2016","3","N","McPherson County, Nebraska","Private","1026 Leisure and hospitality","County, by Supersector -- by ownership sector","All establishment sizes",1,0,0,0,0,0,0,0,"N",0.91,0,0,0,0,0,0,0,"N",0,0.0,0,0,0,0,0,0,0,0,0,0,0,0,0,0
"31117","5","1026","73","0","2016","4","N","McPherson County, Nebraska","Private","1026 Leisure and hospitality","County, by Supersector -- by ownership sector","All establishment sizes",1,0,0,0,0,0,0,0,"N",0.91,0,0,0,0,0,0,0,"N",0,0.0,0,0,0,0,0,0,0,0,0,0,0,0,0,0
"31117","5","31-33","74","0","2016","1","N","McPherson County, Nebraska","Private","NAICS 31-33 Manufacturing","County, NAICS Sector -- by ownership sector","All establishment sizes",1,0,0,0,0,0,0,0,"N",2.16,0,0,0,0,0,0,0,"N",0,0.0,0,0,0,0,0,0,0,0,0,0,0,0,0,0
"31117","5","31-33","74","0","2016","2","N","McPherson County, Nebraska","Private","NAICS 31-33 Manufacturing","County, NAICS Sector -- by ownership sector","All establishment sizes",1,0,0,0,0,0,0,0,"N",2.17,0,0,0,0,0,0,0,"N",0,0.0,0,0,0,0,0,0,0,0,0,0,0,0,0,0
"31117","5","31-33","74","0","2016","3","N","McPherson County, Nebraska","Private","NAICS 31-33 Manufacturing","County, NAICS Sector -- by ownership sector","All establishment sizes",1,0,0,0,0,0,0,0,"N",2.18,0,0,0,0,0,0,0,"N",0,0.0,0,0,0,0,0,0,0,0,0,0,0,0,0,0
"31117","5","31-33","74","0","2016","4","N","McPherson County, Nebraska","Private","NAICS 31-33 Manufacturing","County, NAICS Sector -- by ownership sector","All establishment sizes",1,0,0,0,0,0,0,0,"N",2.19,0,0,0,0,0,0,0,"N",0,0.0,0,0,0,0,0,0,0,0,0,0,0,0,0,0
"31117","5","311","75","0","2016","1","N","McPherson County, Nebraska","Private","NAICS 311 Food manufacturing","County, NAICS 3-digit -- by ownership sector","All establishment sizes",1,0,0,0,0,0,0,0,"N",22.98,0,0,0,0,0,0,0,"N",0,0.0,0,0,0,0,0,0,0,0,0,0,0,0,0,0
"31117","5","311","75","0","2016","2","N","McPherson County, Nebraska","Private","NAICS 311 Food manufacturing","County, NAICS 3-digit -- by ownership sector","All establishment sizes",1,0,0,0,0,0,0,0,"N",22.91,0,0,0,0,0,0,0,"N",0,0.0,0,0,0,0,0,0,0,0,0,0,0,0,0,0
"31117","5","311","75","0","2016","3","N","McPherson County, Nebraska","Private","NAICS 311 Food manufacturing","County, NAICS 3-digit -- by ownership sector","All establishment sizes",1,0,0,0,0,0,0,0,"N",22.96,0,0,0,0,0,0,0,"N",0,0.0,0,0,0,0,0,0,0,0,0,0,0,0,0,0
"31117","5","311","75","0","2016","4","N","McPherson County, Nebraska","Private","NAICS 311 Food manufacturing","County, NAICS 3-digit -- by ownership sector","All establishment sizes",1,0,0,0,0,0,0,0,"N",23.00,0,0,0,0,0,0,0,"N",0,0.0,0,0,0,0,0,0,0,0,0,0,0,0,0,0
"31117","5","3111","76","0","2016","1","N","McPherson County, Nebraska","Private","NAICS 3111 Animal food manufacturing","County, NAICS 4-digit -- by ownership sector","All establishment sizes",1,0,0,0,0,0,0,0,"N",337.25,0,0,0,0,0,0,0,"N",0,0.0,0,0,0,0,0,0,0,0,0,0,0,0,0,0
"31117","5","3111","76","0","2016","2","N","McPherson County, Nebraska","Private","NAICS 3111 Animal food manufacturing","County, NAICS 4-digit -- by ownership sector","All establishment sizes",1,0,0,0,0,0,0,0,"N",335.94,0,0,0,0,0,0,0,"N",0,0.0,0,0,0,0,0,0,0,0,0,0,0,0,0,0
"31117","5","3111","76","0","2016","3","N","McPherson County, Nebraska","Private","NAICS 3111 Animal food manufacturing","County, NAICS 4-digit -- by ownership sector","All establishment sizes",1,0,0,0,0,0,0,0,"N",337.37,0,0,0,0,0,0,0,"N",0,0.0,0,0,0,0,0,0,0,0,0,0,0,0,0,0
"31117","5","3111","76","0","2016","4","N","McPherson County, Nebraska","Private","NAICS 3111 Animal food manufacturing","County, NAICS 4-digit -- by ownership sector","All establishment sizes",1,0,0,0,0,0,0,0,"N",339.19,0,0,0,0,0,0,0,"N",0,0.0,0,0,0,0,0,0,0,0,0,0,0,0,0,0
"31117","5","31111","77","0","2016","1","N","McPherson County, Nebraska","Private","NAICS 31111 Animal food manufacturing","County, NAICS 5-digit -- by ownership sector","All establishment sizes",1,0,0,0,0,0,0,0,"N",337.25,0,0,0,0,0,0,0,"N",0,0.0,0,0,0,0,0,0,0,0,0,0,0,0,0,0
"31117","5","31111","77","0","2016","2","N","McPherson County, Nebraska","Private","NAICS 31111 Animal food manufacturing","County, NAICS 5-digit -- by ownership sector","All establishment sizes",1,0,0,0,0,0,0,0,"N",335.94,0,0,0,0,0,0,0,"N",0,0.0,0,0,0,0,0,0,0,0,0,0,0,0,0,0
"31117","5","31111","77","0","2016","3","N","McPherson County, Nebraska","Private","NAICS 31111 Animal food manufacturing","County, NAICS 5-digit -- by ownership sector","All establishment sizes",1,0,0,0,0,0,0,0,"N",337.37,0,0,0,0,0,0,0,"N",0,0.0,0,0,0,0,0,0,0,0,0,0,0,0,0,0
"31117","5","31111","77","0","2016","4","N","McPherson County, Nebraska","Private","NAICS 31111 Animal food manufacturing","County, NAICS 5-digit -- by ownership sector","All establishment sizes",1,0,0,0,0,0,0,0,"N",339.19,0,0,0,0,0,0,0,"N",0,0.0,0,0,0,0,0,0,0,0,0,0,0,0,0,0
"31117","5","311119","78","0","2016","1","N","McPherson County, Nebraska","Private","NAICS 311119 Other animal food manufacturing","County, NAICS 6-digit -- by ownership sector","All establishment sizes",1,0,0,0,0,0,0,0,"N",439.10,0,0,0,0,0,0,0,"N",0,0.0,0,0,0,0,0,0,0,0,0,0,0,0,0,0
"31117","5","311119","78","0","2016","2","N","McPherson County, Nebraska","Private","NAICS 311119 Other animal food manufacturing","County, NAICS 6-digit -- by ownership sector","All establishment sizes",1,0,0,0,0,0,0,0,"N",440.76,0,0,0,0,0,0,0,"N",0,0.0,0,0,0,0,0,0,0,0,0,0,0,0,0,0
"31117","5","311119","78","0","2016","3","N","McPherson County, Nebraska","Private","NAICS 311119 Other animal food manufacturing","County, NAICS 6-digit -- by ownership sector","All establishment sizes",1,0,0,0,0,0,0,0,"N",444.70,0,0,0,0,0,0,0,"N",0,0.0,0,0,0,0,0,0,0,0,0,0,0,0,0,0
"31117","5","311119","78","0","2016","4","N","McPherson County, Nebraska","Private","NAICS 311119 Other animal food manufacturing","County, NAICS 6-digit -- by ownership sector","All establishment sizes",1,0,0,0,0,0,0,0,"N",448.44,0,0,0,0,0,0,0,"N",0,0.0,0,0,0,0,0,0,0,0,0,0,0,0,0,0
"31117","5","42","74","0","2016","1","N","McPherson County, Nebraska","Private","NAICS 42 Wholesale trade","County, NAICS Sector -- by ownership sector","All establishment sizes",1,0,0,0,0,0,0,0,"N",1.20,0,0,0,0,0,0,0,"N",0,0.0,0,0,0,0,0,0,0,0,0,0,0,0,0,0
"31117","5","42","74","0","2016","2","N","McPherson County, Nebraska","Private","NAICS 42 Wholesale trade","County, NAICS Sector -- by ownership sector","All establishment sizes",1,0,0,0,0,0,0,0,"N",1.21,0,0,0,0,0,0,0,"N",0,0.0,0,0,0,0,0,0,0,0,0,0,0,0,0,0
"31117","5","42","74","0","2016","3","N","McPherson County, Nebraska","Private","NAICS 42 Wholesale trade","County, NAICS Sector -- by ownership sector","All establishment sizes",1,0,0,0,0,0,0,0,"N",1.22,0,0,0,0,0,0,0,"N",0,0.0,0,0,0,0,0,0,0,0,0,0,0,0,0,0
"31117","5","42","74","0","2016","4","N","McPherson County, Nebraska","Private","NAICS 42 Wholesale trade","County, NAICS Sector -- by ownership sector","All establishment sizes",1,0,0,0,0,0,0,0,"N",1.23,0,0,0,0,0,0,0,"N",0,0.0,0,0,0,0,0,0,0,0,0,0,0,0,0,0
"31117","5","425","75","0","2016","1","N","McPherson County, Nebraska","Private","NAICS 425 Electronic markets and agents and brokers","County, NAICS 3-digit -- by ownership sector","All establishment sizes",1,0,0,0,0,0,0,0,"N",3.30,0,0,0,0,0,0,0,"N",0,0.0,0,0,0,0,0,0,0,0,0,0,0,0,0,0
"31117","5","425","75","0","2016","2","N","McPherson County, Nebraska","Private","NAICS 425 Electronic markets and agents and brokers","County, NAICS 3-digit -- by ownership sector","All establishment sizes",1,0,0,0,0,0,0,0,"N",3.32,0,0,0,0,0,0,0,"N",0,0.0,0,0,0,0,0,0,0,0,0,0,0,0,0,0
"31117","5","425","75","0","2016","3","N","McPherson County, Nebraska","Private","NAICS 425 Electronic markets and agents and brokers","County, NAICS 3-digit -- by ownership sector","All establishment sizes",1,0,0,0,0,0,0,0,"N",3.36,0,0,0,0,0,0,0,"N",0,0.0,0,0,0,0,0,0,0,0,0,0,0,0,0,0
"31117","5","425","75","0","2016","4","N","McPherson County, Nebraska","Private","NAICS 425 Electronic markets and agents and brokers","County, NAICS 3-digit -- by ownership sector","All establishment sizes",1,0,0,0,0,0,0,0,"N",3.39,0,0,0,0,0,0,0,"N",0,0.0,0,0,0,0,0,0,0,0,0,0,0,0,0,0
"31117","5","4251","76","0","2016","1","N","McPherson County, Nebraska","Private","NAICS 4251 Electronic markets and agents and brokers","County, NAICS 4-digit -- by ownership sector","All establishment sizes",1,0,0,0,0,0,0,0,"N",3.30,0,0,0,0,0,0,0,"N",0,0.0,0,0,0,0,0,0,0,0,0,0,0,0,0,0
"31117","5","4251","76","0","2016","2","N","McPherson County, Nebraska","Private","NAICS 4251 Electronic markets and agents and brokers","County, NAICS 4-digit -- by ownership sector","All establishment sizes",1,0,0,0,0,0,0,0,"N",3.32,0,0,0,0,0,0,0,"N",0,0.0,0,0,0,0,0,0,0,0,0,0,0,0,0,0
"31117","5","4251","76","0","2016","3","N","McPherson County, Nebraska","Private","NAICS 4251 Electronic markets and agents and brokers","County, NAICS 4-digit -- by ownership sector","All establishment sizes",1,0,0,0,0,0,0,0,"N",3.36,0,0,0,0,0,0,0,"N",0,0.0,0,0,0,0,0,0,0,0,0,0,0,0,0,0
"31117","5","4251","76","0","2016","4","N","McPherson County, Nebraska","Private","NAICS 4251 Electronic markets and agents and brokers","County, NAICS 4-digit -- by ownership sector","All establishment sizes",1,0,0,0,0,0,0,0,"N",3.39,0,0,0,0,0,0,0,"N",0,0.0,0,0,0,0,0,0,0,0,0,0,0,0,0,0
"31117","5","42512","77","0","2016","1","N","McPherson County, Nebraska","Private","NAICS 42512 Wholesale trade agents and brokers","County, NAICS 5-digit -- by ownership sector","All establishment sizes",1,0,0,0,0,0,0,0,"N",3.36,0,0,0,0,0,0,0,"N",0,0.0,0,0,0,0,0,0,0,0,0,0,0,0,0,0
"31117","5","42512","77","0","2016","2","N","McPherson County, Nebraska","Private","NAICS 42512 Wholesale trade agents and brokers","County, NAICS 5-digit -- by ownership sector","All establishment sizes",1,0,0,0,0,0,0,0,"N",3.38,0,0,0,0,0,0,0,"N",0,0.0,0,0,0,0,0,0,0,0,0,0,0,0,0,0
"31117","5","42512","77","0","2016","3","N","McPherson County, Nebraska","Private","NAICS 42512 Wholesale trade agents and brokers","County, NAICS 5-digit -- by ownership sector","All establishment sizes",1,0,0,0,0,0,0,0,"N",3.42,0,0,0,0,0,0,0,"N",0,0.0,0,0,0,0,0,0,0,0,0,0,0,0,0,0
"31117","5","42512","77","0","2016","4","N","McPherson County, Nebraska","Private","NAICS 42512 Wholesale trade agents and brokers","County, NAICS 5-digit -- by ownership sector","All establishment sizes",1,0,0,0,0,0,0,0,"N",3.45,0,0,0,0,0,0,0,"N",0,0.0,0,0,0,0,0,0,0,0,0,0,0,0,0,0
"31117","5","425120","78","0","2016","1","N","McPherson County, Nebraska","Private","NAICS 425120 Wholesale trade agents and brokers","County, NAICS 6-digit -- by ownership sector","All establishment sizes",1,0,0,0,0,0,0,0,"N",3.36,0,0,0,0,0,0,0,"N",0,0.0,0,0,0,0,0,0,0,0,0,0,0,0,0,0
"31117","5","425120","78","0","2016","2","N","McPherson County, Nebraska","Private","NAICS 425120 Wholesale trade agents and brokers","County, NAICS 6-digit -- by ownership sector","All establishment sizes",1,0,0,0,0,0,0,0,"N",3.38,0,0,0,0,0,0,0,"N",0,0.0,0,0,0,0,0,0,0,0,0,0,0,0,0,0
"31117","5","425120","78","0","2016","3","N","McPherson County, Nebraska","Private","NAICS 425120 Wholesale trade agents and brokers","County, NAICS 6-digit -- by ownership sector","All establishment sizes",1,0,0,0,0,0,0,0,"N",3.42,0,0,0,0,0,0,0,"N",0,0.0,0,0,0,0,0,0,0,0,0,0,0,0,0,0
"31117","5","425120","78","0","2016","4","N","McPherson County, Nebraska","Private","NAICS 425120 Wholesale trade agents and brokers","County, NAICS 6-digit -- by ownership sector","All establishment sizes",1,0,0,0,0,0,0,0,"N",3.45,0,0,0,0,0,0,0,"N",0,0.0,0,0,0,0,0,0,0,0,0,0,0,0,0,0
"31117","5","44-45","74","0","2016","1","N","McPherson County, Nebraska","Private","NAICS 44-45 Retail trade","County, NAICS Sector -- by ownership sector","All establishment sizes",2,0,0,0,0,0,0,0,"N",1.42,0,0,0,0,0,0,0,"N",0,0.0,0,0,0,0,0,0,0,0,0,0,0,0,0,0
"31117","5","44-45","74","0","2016","2","N","McPherson County, Nebraska","Private","NAICS 44-45 Retail trade","County, NAICS Sector -- by ownership sector","All establishment sizes",2,0,0,0,0,0,0,0,"N",1.43,0,0,0,0,0,0,0,"N",0,0.0,0,0,0,0,0,0,0,0,0,0,0,0,0,0
"31117","5","44-45","74","0","2016","3","N","McPherson County, Nebraska","Private","NAICS 44-45 Retail trade","County, NAICS Sector -- by ownership sector","All establishment sizes",2,0,0,0,0,0,0,0,"N",1.44,0,0,0,0,0,0,0,"N",0,0.0,0,0,0,0,0,0,0,0,0,0,0,0,0,0
"31117","5","44-45","74","0","2016","4","N","McPherson County, Nebraska","Private","NAICS 44-45 Retail trade","County, NAICS Sector -- by ownership sector","All establishment sizes",2,0,0,0,0,0,0,0,"N",1.45,0,0,0,0,0,0,0,"N",0,0.0,0,0,0,0,0,0,0,0,0,0,0,0,0,0
"31117","5","443","75","0","2016","1","N","McPherson County, Nebraska","Private","NAICS 443 Electronics and appliance stores","County, NAICS 3-digit -- by ownership sector","All establishment sizes",1,0,0,0,0,0,0,0,"N",15.49,0,0,0,0,0,0,0,"N",0,0.0,0,0,0,0,0,0,0,0,0,0,0,0,0,0
"31117","5","443","75","0","2016","2","N","McPherson County, Nebraska","Private","NAICS 443 Electronics and appliance stores","County, NAICS 3-digit -- by ownership sector","All establishment sizes",1,0,0,0,0,0,0,0,"N",15.67,0,0,0,0,0,0,0,"N",0,0.0,0,0,0,0,0,0,0,0,0,0,0,0,0,0
"31117","5","443","75","0","2016","3","N","McPherson County, Nebraska","Private","NAICS 443 Electronics and appliance stores","County, NAICS 3-digit -- by ownership sector","All establishment sizes",1,0,0,0,0,0,0,0,"N",15.78,0,0,0,0,0,0,0,"N",0,0.0,0,0,0,0,0,0,0,0,0,0,0,0,0,0
"31117","5","443","75","0","2016","4","N","McPherson County, Nebraska","Private","NAICS 443 Electronics and appliance stores","County, NAICS 3-digit -- by ownership sector","All establishment sizes",1,0,0,0,0,0,0,0,"N",15.87,0,0,0,0,0,0,0,"N",0,0.0,0,0,0,0,0,0,0,0,0,0,0,0,0,0
"31117","5","4431","76","0","2016","1","N","McPherson County, Nebraska","Private","NAICS 4431 Electronics and appliance stores","County, NAICS 4-digit -- by ownership sector","All establishment sizes",1,0,0,0,0,0,0,0,"N",15.49,0,0,0,0,0,0,0,"N",0,0.0,0,0,0,0,0,0,0,0,0,0,0,0,0,0
"31117","5","4431","76","0","2016","2","N","McPherson County, Nebraska","Private","NAICS 4431 Electronics and appliance stores","County, NAICS 4-digit -- by ownership sector","All establishment sizes",1,0,0,0,0,0,0,0,"N",15.67,0,0,0,0,0,0,0,"N",0,0.0,0,0,0,0,0,0,0,0,0,0,0,0,0,0
"31117","5","4431","76","0","2016","3","N","McPherson County, Nebraska","Private","NAICS 4431 Electronics and appliance stores","County, NAICS 4-digit -- by ownership sector","All establishment sizes",1,0,0,0,0,0,0,0,"N",15.78,0,0,0,0,0,0,0,"N",0,0.0,0,0,0,0,0,0,0,0,0,0,0,0,0,0
"31117","5","4431","76","0","2016","4","N","McPherson County, Nebraska","Private","NAICS 4431 Electronics and appliance stores","County, NAICS 4-digit -- by ownership sector","All establishment sizes",1,0,0,0,0,0,0,0,"N",15.87,0,0,0,0,0,0,0,"N",0,0.0,0,0,0,0,0,0,0,0,0,0,0,0,0,0
"31117","5","44314","77","0","2016","1","N","McPherson County, Nebraska","Private","NAICS 44314 Electronics and appliance stores","County, NAICS 5-digit -- by ownership sector","All establishment sizes",1,0,0,0,0,0,0,0,"N",15.49,0,0,0,0,0,0,0,"N",0,0.0,0,0,0,0,0,0,0,0,0,0,0,0,0,0
"31117","5","44314","77","0","2016","2","N","McPherson County, Nebraska","Private","NAICS 44314 Electronics and appliance stores","County, NAICS 5-digit -- by ownership sector","All establishment sizes",1,0,0,0,0,0,0,0,"N",15.67,0,0,0,0,0,0,0,"N",0,0.0,0,0,0,0,0,0,0,0,0,0,0,0,0,0
"31117","5","44314","77","0","2016","3","N","McPherson County, Nebraska","Private","NAICS 44314 Electronics and appliance stores","County, NAICS 5-digit -- by ownership sector","All establishment sizes",1,0,0,0,0,0,0,0,"N",15.78,0,0,0,0,0,0,0,"N",0,0.0,0,0,0,0,0,0,0,0,0,0,0,0,0,0
"31117","5","44314","77","0","2016","4","N","McPherson County, Nebraska","Private","NAICS 44314 Electronics and appliance stores","County, NAICS 5-digit -- by ownership sector","All establishment sizes",1,0,0,0,0,0,0,0,"N",15.87,0,0,0,0,0,0,0,"N",0,0.0,0,0,0,0,0,0,0,0,0,0,0,0,0,0
"31117","5","443141","78","0","2016","1","N","McPherson County, Nebraska","Private","NAICS 443141 Household appliance stores","County, NAICS 6-digit -- by ownership sector","All establishment sizes",1,0,0,0,0,0,0,0,"N",110.51,0,0,0,0,0,0,0,"N",0,0.0,0,0,0,0,0,0,0,0,0,0,0,0,0,0
"31117","5","443141","78","0","2016","2","N","McPherson County, Nebraska","Private","NAICS 443141 Household appliance stores","County, NAICS 6-digit -- by ownership sector","All establishment sizes",1,0,0,0,0,0,0,0,"N",111.98,0,0,0,0,0,0,0,"N",0,0.0,0,0,0,0,0,0,0,0,0,0,0,0,0,0
"31117","5","443141","78","0","2016","3","N","McPherson County, Nebraska","Private","NAICS 443141 Household appliance stores","County, NAICS 6-digit -- by ownership sector","All establishment sizes",1,0,0,0,0,0,0,0,"N",113.89,0,0,0,0,0,0,0,"N",0,0.0,0,0,0,0,0,0,0,0,0,0,0,0,0,0
"31117","5","443141","78","0","2016","4","N","McPherson County, Nebraska","Private","NAICS 443141 Household appliance stores","County, NAICS 6-digit -- by ownership sector","All establishment sizes",1,0,0,0,0,0,0,0,"N",115.31,0,0,0,0,0,0,0,"N",0,0.0,0,0,0,0,0,0,0,0,0,0,0,0,0,0
"31117","5","447","75","0","2016","1","N","McPherson County, Nebraska","Private","NAICS 447 Gasoline stations","County, NAICS 3-digit -- by ownership sector","All establishment sizes",1,0,0,0,0,0,0,0,"N",7.06,0,0,0,0,0,0,0,"N",0,0.0,0,0,0,0,0,0,0,0,0,0,0,0,0,0
"31117","5","447","75","0","2016","2","N","McPherson County, Nebraska","Private","NAICS 447 Gasoline stations","County, NAICS 3-digit -- by ownership sector","All establishment sizes",1,0,0,0,0,0,0,0,"N",7.10,0,0,0,0,0,0,0,"N",0,0.0,0,0,0,0,0,0,0,0,0,0,0,0,0,0
"31117","5","447","75","0","2016","3","N","McPherson County, Nebraska","Private","NAICS 447 Gasoline stations","County, NAICS 3-digit -- by ownership sector","All establishment sizes",1,0,0,0,0,0,0,0,"N",7.15,0,0,0,0,0,0,0,"N",0,0.0,0,0,0,0,0,0,0,0,0,0,0,0,0,0
"31117","5","447","75","0","2016","4","N","McPherson County, Nebraska","Private","NAICS 447 Gasoline stations","County, NAICS 3-digit -- by ownership sector","All establishment sizes",1,0,0,0,0,0,0,0,"N",7.19,0,0,0,0,0,0,0,"N",0,0.0,0,0,0,0,0,0,0,0,0,0,0,0,0,0
"31117","5","4471","76","0","2016","1","N","McPherson County, Nebraska","Private","NAICS 4471 Gasoline stations","County, NAICS 4-digit -- by ownership sector","All establishment sizes",1,0,0,0,0,0,0,0,"N",7.06,0,0,0,0,0,0,0,"N",0,0.0,0,0,0,0,0,0,0,0,0,0,0,0,0,0
"31117","5","4471","76","0","2016","2","N","McPherson County, Nebraska","Private","NAICS 4471 Gasoline stations","County, NAICS 4-digit -- by ownership sector","All establishment sizes",1,0,0,0,0,0,0,0,"N",7.10,0,0,0,0,0,0,0,"N",0,0.0,0,0,0,0,0,0,0,0,0,0,0,0,0,0
"31117","5","4471","76","0","2016","3","N","McPherson County, Nebraska","Private","NAICS 4471 Gasoline stations","County, NAICS 4-digit -- by ownership sector","All establishment sizes",1,0,0,0,0,0,0,0,"N",7.15,0,0,0,0,0,0,0,"N",0,0.0,0,0,0,0,0,0,0,0,0,0,0,0,0,0
"31117","5","4471","76","0","2016","4","N","McPherson County, Nebraska","Private","NAICS 4471 Gasoline stations","County, NAICS 4-digit -- by ownership sector","All establishment sizes",1,0,0,0,0,0,0,0,"N",7.19,0,0,0,0,0,0,0,"N",0,0.0,0,0,0,0,0,0,0,0,0,0,0,0,0,0
"31117","5","44719","77","0","2016","1","N","McPherson County, Nebraska","Private","NAICS 44719 Other gasoline stations","County, NAICS 5-digit -- by ownership sector","All establishment sizes",1,0,0,0,0,0,0,0,"N",68.35,0,0,0,0,0,0,0,"N",0,0.0,0,0,0,0,0,0,0,0,0,0,0,0,0,0
"31117","5","44719","77","0","2016","2","N","McPherson County, Nebraska","Private","NAICS 44719 Other gasoline stations","County, NAICS 5-digit -- by ownership sector","All establishment sizes",1,0,0,0,0,0,0,0,"N",69.07,0,0,0,0,0,0,0,"N",0,0.0,0,0,0,0,0,0,0,0,0,0,0,0,0,0
"31117","5","44719","77","0","2016","3","N","McPherson County, Nebraska","Private","NAICS 44719 Other gasoline stations","County, NAICS 5-digit -- by ownership sector","All establishment sizes",1,0,0,0,0,0,0,0,"N",70.00,0,0,0,0,0,0,0,"N",0,0.0,0,0,0,0,0,0,0,0,0,0,0,0,0,0
"31117","5","44719","77","0","2016","4","N","McPherson County, Nebraska","Private","NAICS 44719 Other gasoline stations","County, NAICS 5-digit -- by ownership sector","All establishment sizes",1,0,0,0,0,0,0,0,"N",70.43,0,0,0,0,0,0,0,"N",0,0.0,0,0,0,0,0,0,0,0,0,0,0,0,0,0
"31117","5","447190","78","0","2016","1","N","McPherson County, Nebraska","Private","NAICS 447190 Other gasoline stations","County, NAICS 6-digit -- by ownership sector","All establishment sizes",1,0,0,0,0,0,0,0,"N",68.35,0,0,0,0,0,0,0,"N",0,0.0,0,0,0,0,0,0,0,0,0,0,0,0,0,0
"31117","5","447190","78","0","2016","2","N","McPherson County, Nebraska","Private","NAICS 447190 Other gasoline stations","County, NAICS 6-digit -- by ownership sector","All establishment sizes",1,0,0,0,0,0,0,0,"N",69.07,0,0,0,0,0,0,0,"N",0,0.0,0,0,0,0,0,0,0,0,0,0,0,0,0,0
"31117","5","447190","78","0","2016","3","N","McPherson County, Nebraska","Private","NAICS 447190 Other gasoline stations","County, NAICS 6-digit -- by ownership sector","All establishment sizes",1,0,0,0,0,0,0,0,"N",70.00,0,0,0,0,0,0,0,"N",0,0.0,0,0,0,0,0,0,0,0,0,0,0,0,0,0
"31117","5","447190","78","0","2016","4","N","McPherson County, Nebraska","Private","NAICS 447190 Other gasoline stations","County, NAICS 6-digit -- by ownership sector","All establishment sizes",1,0,0,0,0,0,0,0,"N",70.43,0,0,0,0,0,0,0,"N",0,0.0,0,0,0,0,0,0,0,0,0,0,0,0,0,0
"31117","5","51","74","0","2016","1","N","McPherson County, Nebraska","Private","NAICS 51 Information","County, NAICS Sector -- by ownership sector","All establishment sizes",1,0,0,0,0,0,0,0,"N",4.78,0,0,0,0,0,0,0,"N",0,0.0,0,0,0,0,0,0,0,0,0,0,0,0,0,0
"31117","5","51","74","0","2016","2","N","McPherson County, Nebraska","Private","NAICS 51 Information","County, NAICS Sector -- by ownership sector","All establishment sizes",1,0,0,0,0,0,0,0,"N",4.77,0,0,0,0,0,0,0,"N",0,0.0,0,0,0,0,0,0,0,0,0,0,0,0,0,0
"31117","5","51","74","0","2016","3","N","McPherson County, Nebraska","Private","NAICS 51 Information","County, NAICS Sector -- by ownership sector","All establishment sizes",1,0,0,0,0,0,0,0,"N",4.76,0,0,0,0,0,0,0,"N",0,0.0,0,0,0,0,0,0,0,0,0,0,0,0,0,0
"31117","5","51","74","0","2016","4","N","McPherson County, Nebraska","Private","NAICS 51 Information","County, NAICS Sector -- by ownership sector","All establishment sizes",1,0,0,0,0,0,0,0,"N",4.75,0,0,0,0,0,0,0,"N",0,0.0,0,0,0,0,0,0,0,0,0,0,0,0,0,0
"31117","5","511","75","0","2016","1","N","McPherson County, Nebraska","Private","NAICS 511 Publishing industries, except internet","County, NAICS 3-digit -- by ownership sector","All establishment sizes",1,0,0,0,0,0,0,0,"N",18.17,0,0,0,0,0,0,0,"N",0,0.0,0,0,0,0,0,0,0,0,0,0,0,0,0,0
"31117","5","511","75","0","2016","2","N","McPherson County, Nebraska","Private","NAICS 511 Publishing industries, except internet","County, NAICS 3-digit -- by ownership sector","All establishment sizes",1,0,0,0,0,0,0,0,"N",17.99,0,0,0,0,0,0,0,"N",0,0.0,0,0,0,0,0,0,0,0,0,0,0,0,0,0
"31117","5","511","75","0","2016","3","N","McPherson County, Nebraska","Private","NAICS 511 Publishing industries, except internet","County, NAICS 3-digit -- by ownership sector","All establishment sizes",1,0,0,0,0,0,0,0,"N",17.89,0,0,0,0,0,0,0,"N",0,0.0,0,0,0,0,0,0,0,0,0,0,0,0,0,0
"31117","5","511","75","0","2016","4","N","McPherson County, Nebraska","Private","NAICS 511 Publishing industries, except internet","County, NAICS 3-digit -- by ownership sector","All establishment sizes",1,0,0,0,0,0,0,0,"N",17.85,0,0,0,0,0,0,0,"N",0,0.0,0,0,0,0,0,0,0,0,0,0,0,0,0,0
"31117","5","5111","76","0","2016","1","N","McPherson County, Nebraska","Private","NAICS 5111 Newspaper, book, and directory publishers","County, NAICS 4-digit -- by ownership sector","All establishment sizes",1,0,0,0,0,0,0,0,"N",34.60,0,0,0,0,0,0,0,"N",0,0.0,0,0,0,0,0,0,0,0,0,0,0,0,0,0
"31117","5","5111","76","0","2016","2","N","McPherson County, Nebraska","Private","NAICS 5111 Newspaper, book, and directory publishers","County, NAICS 4-digit -- by ownership sector","All establishment sizes",1,0,0,0,0,0,0,0,"N",34.92,0,0,0,0,0,0,0,"N",0,0.0,0,0,0,0,0,0,0,0,0,0,0,0,0,0
"31117","5","5111","76","0","2016","3","N","McPherson County, Nebraska","Private","NAICS 5111 Newspaper, book, and directory publishers","County, NAICS 4-digit -- by ownership sector","All establishment sizes",1,0,0,0,0,0,0,0,"N",35.13,0,0,0,0,0,0,0,"N",0,0.0,0,0,0,0,0,0,0,0,0,0,0,0,0,0
"31117","5","5111","76","0","2016","4","N","McPherson County, Nebraska","Private","NAICS 5111 Newspaper, book, and directory publishers","County, NAICS 4-digit -- by ownership sector","All establishment sizes",1,0,0,0,0,0,0,0,"N",35.52,0,0,0,0,0,0,0,"N",0,0.0,0,0,0,0,0,0,0,0,0,0,0,0,0,0
"31117","5","51112","77","0","2016","1","N","McPherson County, Nebraska","Private","NAICS 51112 Periodical publishers","County, NAICS 5-digit -- by ownership sector","All establishment sizes",1,0,0,0,0,0,0,0,"N",97.67,0,0,0,0,0,0,0,"N",0,0.0,0,0,0,0,0,0,0,0,0,0,0,0,0,0
"31117","5","51112","77","0","2016","2","N","McPherson County, Nebraska","Private","NAICS 51112 Periodical publishers","County, NAICS 5-digit -- by ownership sector","All establishment sizes",1,0,0,0,0,0,0,0,"N",98.73,0,0,0,0,0,0,0,"N",0,0.0,0,0,0,0,0,0,0,0,0,0,0,0,0,0
"31117","5","51112","77","0","2016","3","N","McPherson County, Nebraska","Private","NAICS 51112 Periodical publishers","County, NAICS 5-digit -- by ownership sector","All establishment sizes",1,0,0,0,0,0,0,0,"N",99.50,0,0,0,0,0,0,0,"N",0,0.0,0,0,0,0,0,0,0,0,0,0,0,0,0,0
"31117","5","51112","77","0","2016","4","N","McPherson County, Nebraska","Private","NAICS 51112 Periodical publishers","County, NAICS 5-digit -- by ownership sector","All establishment sizes",1,0,0,0,0,0,0,0,"N",100.38,0,0,0,0,0,0,0,"N",0,0.0,0,0,0,0,0,0,0,0,0,0,0,0,0,0
"31117","5","511120","78","0","2016","1","N","McPherson County, Nebraska","Private","NAICS 511120 Periodical publishers","County, NAICS 6-digit -- by ownership sector","All establishment sizes",1,0,0,0,0,0,0,0,"N",97.67,0,0,0,0,0,0,0,"N",0,0.0,0,0,0,0,0,0,0,0,0,0,0,0,0,0
"31117","5","511120","78","0","2016","2","N","McPherson County, Nebraska","Private","NAICS 511120 Periodical publishers","County, NAICS 6-digit -- by ownership sector","All establishment sizes",1,0,0,0,0,0,0,0,"N",98.73,0,0,0,0,0,0,0,"N",0,0.0,0,0,0,0,0,0,0,0,0,0,0,0,0,0
"31117","5","511120","78","0","2016","3","N","McPherson County, Nebraska","Private","NAICS 511120 Periodical publishers","County, NAICS 6-digit -- by ownership sector","All establishment sizes",1,0,0,0,0,0,0,0,"N",99.50,0,0,0,0,0,0,0,"N",0,0.0,0,0,0,0,0,0,0,0,0,0,0,0,0,0
"31117","5","511120","78","0","2016","4","N","McPherson County, Nebraska","Private","NAICS 511120 Periodical publishers","County, NAICS 6-digit -- by ownership sector","All establishment sizes",1,0,0,0,0,0,0,0,"N",100.38,0,0,0,0,0,0,0,"N",0,0.0,0,0,0,0,0,0,0,0,0,0,0,0,0,0
"31117","5","52","74","0","2016","1","N","McPherson County, Nebraska","Private","NAICS 52 Finance and insurance","County, NAICS Sector -- by ownership sector","All establishment sizes",1,0,0,0,0,0,0,0,"N",1.55,0,0,0,0,0,0,0,"N",0,0.0,0,0,0,0,0,0,0,0,0,0,0,0,0,0
"31117","5","52","74","0","2016","2","N","McPherson County, Nebraska","Private","NAICS 52 Finance and insurance","County, NAICS Sector -- by ownership sector","All establishment sizes",1,0,0,0,0,0,0,0,"N",1.55,0,0,0,0,0,0,0,"N",0,0.0,0,0,0,0,0,0,0,0,0,0,0,0,0,0
"31117","5","52","74","0","2016","3","N","McPherson County, Nebraska","Private","NAICS 52 Finance and insurance","County, NAICS Sector -- by ownership sector","All establishment sizes",1,0,0,0,0,0,0,0,"N",1.56,0,0,0,0,0,0,0,"N",0,0.0,0,0,0,0,0,0,0,0,0,0,0,0,0,0
"31117","5","52","74","0","2016","4","N","McPherson County, Nebraska","Private","NAICS 52 Finance and insurance","County, NAICS Sector -- by ownership sector","All establishment sizes",1,0,0,0,0,0,0,0,"N",1.56,0,0,0,0,0,0,0,"N",0,0.0,0,0,0,0,0,0,0,0,0,0,0,0,0,0
"31117","5","522","75","0","2016","1","N","McPherson County, Nebraska","Private","NAICS 522 Credit intermediation and related activities","County, NAICS 3-digit -- by ownership sector","All establishment sizes",1,0,0,0,0,0,0,0,"N",4.11,0,0,0,0,0,0,0,"N",0,0.0,0,0,0,0,0,0,0,0,0,0,0,0,0,0
"31117","5","522","75","0","2016","2","N","McPherson County, Nebraska","Private","NAICS 522 Credit intermediation and related activities","County, NAICS 3-digit -- by ownership sector","All establishment sizes",1,0,0,0,0,0,0,0,"N",4.13,0,0,0,0,0,0,0,"N",0,0.0,0,0,0,0,0,0,0,0,0,0,0,0,0,0
"31117","5","522","75","0","2016","3","N","McPherson County, Nebraska","Private","NAICS 522 Credit intermediation and related activities","County, NAICS 3-digit -- by ownership sector","All establishment sizes",1,0,0,0,0,0,0,0,"N",4.17,0,0,0,0,0,0,0,"N",0,0.0,0,0,0,0,0,0,0,0,0,0,0,0,0,0
"31117","5","522","75","0","2016","4","N","McPherson County, Nebraska","Private","NAICS 522 Credit intermediation and related activities","County, NAICS 3-digit -- by ownership sector","All establishment sizes",1,0,0,0,0,0,0,0,"N",4.20,0,0,0,0,0,0,0,"N",0,0.0,0,0,0,0,0,0,0,0,0,0,0,0,0,0
"31117","5","5221","76","0","2016","1","N","McPherson County, Nebraska","Private","NAICS 5221 Depository credit intermediation","County, NAICS 4-digit -- by ownership sector","All establishment sizes",1,0,0,0,0,0,0,0,"N",6.81,0,0,0,0,0,0,0,"N",0,0.0,0,0,0,0,0,0,0,0,0,0,0,0,0,0
"31117","5","5221","76","0","2016","2","N","McPherson County, Nebraska","Private","NAICS 5221 Depository credit intermediation","County, NAICS 4-digit -- by ownership sector","All establishment sizes",1,0,0,0,0,0,0,0,"N",6.87,0,0,0,0,0,0,0,"N",0,0.0,0,0,0,0,0,0,0,0,0,0,0,0,0,0
"31117","5","5221","76","0","2016","3","N","McPherson County, Nebraska","Private","NAICS 5221 Depository credit intermediation","County, NAICS 4-digit -- by ownership sector","All establishment sizes",1,0,0,0,0,0,0,0,"N",6.95,0,0,0,0,0,0,0,"N",0,0.0,0,0,0,0,0,0,0,0,0,0,0,0,0,0
"31117","5","5221","76","0","2016","4","N","McPherson County, Nebraska","Private","NAICS 5221 Depository credit intermediation","County, NAICS 4-digit -- by ownership sector","All establishment sizes",1,0,0,0,0,0,0,0,"N",7.00,0,0,0,0,0,0,0,"N",0,0.0,0,0,0,0,0,0,0,0,0,0,0,0,0,0
"31117","5","52213","77","0","2016","1","N","McPherson County, Nebraska","Private","NAICS 52213 Credit unions","County, NAICS 5-digit -- by ownership sector","All establishment sizes",1,0,0,0,0,0,0,0,"N",45.24,0,0,0,0,0,0,0,"N",0,0.0,0,0,0,0,0,0,0,0,0,0,0,0,0,0
"31117","5","52213","77","0","2016","2","N","McPherson County, Nebraska","Private","NAICS 52213 Credit unions","County, NAICS 5-digit -- by ownership sector","All establishment sizes",1,0,0,0,0,0,0,0,"N",45.35,0,0,0,0,0,0,0,"N",0,0.0,0,0,0,0,0,0,0,0,0,0,0,0,0,0
"31117","5","52213","77","0","2016","3","N","McPherson County, Nebraska","Private","NAICS 52213 Credit unions","County, NAICS 5-digit -- by ownership sector","All establishment sizes",1,0,0,0,0,0,0,0,"N",45.70,0,0,0,0,0,0,0,"N",0,0.0,0,0,0,0,0,0,0,0,0,0,0,0,0,0
"31117","5","52213","77","0","2016","4","N","McPherson County, Nebraska","Private","NAICS 52213 Credit unions","County, NAICS 5-digit -- by ownership sector","All establishment sizes",1,0,0,0,0,0,0,0,"N",46.00,0,0,0,0,0,0,0,"N",0,0.0,0,0,0,0,0,0,0,0,0,0,0,0,0,0
"31117","5","522130","78","0","2016","1","N","McPherson County, Nebraska","Private","NAICS 522130 Credit unions","County, NAICS 6-digit -- by ownership sector","All establishment sizes",1,0,0,0,0,0,0,0,"N",45.24,0,0,0,0,0,0,0,"N",0,0.0,0,0,0,0,0,0,0,0,0,0,0,0,0,0
"31117","5","522130","78","0","2016","2","N","McPherson County, Nebraska","Private","NAICS 522130 Credit unions","County, NAICS 6-digit -- by ownership sector","All establishment sizes",1,0,0,0,0,0,0,0,"N",45.35,0,0,0,0,0,0,0,"N",0,0.0,0,0,0,0,0,0,0,0,0,0,0,0,0,0
"31117","5","522130","78","0","2016","3","N","McPherson County, Nebraska","Private","NAICS 522130 Credit unions","County, NAICS 6-digit -- by ownership sector","All establishment sizes",1,0,0,0,0,0,0,0,"N",45.70,0,0,0,0,0,0,0,"N",0,0.0,0,0,0,0,0,0,0,0,0,0,0,0,0,0
"31117","5","522130","78","0","2016","4","N","McPherson County, Nebraska","Private","NAICS 522130 Credit unions","County, NAICS 6-digit -- by ownership sector","All establishment sizes",1,0,0,0,0,0,0,0,"N",46.00,0,0,0,0,0,0,0,"N",0,0.0,0,0,0,0,0,0,0,0,0,0,0,0,0,0
"31117","5","56","74","0","2016","1","N","McPherson County, Nebraska","Private","NAICS 56 Administrative and waste services","County, NAICS Sector -- by ownership sector","All establishment sizes",1,0,0,0,0,0,0,0,"N",1.42,0,0,0,0,0,0,0,"N",0,0.0,0,0,0,0,0,0,0,0,0,0,0,0,0,0
"31117","5","56","74","0","2016","2","N","McPherson County, Nebraska","Private","NAICS 56 Administrative and waste services","County, NAICS Sector -- by ownership sector","All establishment sizes",1,0,0,0,0,0,0,0,"N",1.42,0,0,0,0,0,0,0,"N",0,0.0,0,0,0,0,0,0,0,0,0,0,0,0,0,0
"31117","5","56","74","0","2016","3","N","McPherson County, Nebraska","Private","NAICS 56 Administrative and waste services","County, NAICS Sector -- by ownership sector","All establishment sizes",1,0,0,0,0,0,0,0,"N",1.42,0,0,0,0,0,0,0,"N",0,0.0,0,0,0,0,0,0,0,0,0,0,0,0,0,0
"31117","5","56","74","0","2016","4","N","McPherson County, Nebraska","Private","NAICS 56 Administrative and waste services","County, NAICS Sector -- by ownership sector","All establishment sizes",1,0,0,0,0,0,0,0,"N",1.42,0,0,0,0,0,0,0,"N",0,0.0,0,0,0,0,0,0,0,0,0,0,0,0,0,0
"31117","5","561","75","0","2016","1","N","McPherson County, Nebraska","Private","NAICS 561 Administrative and support services","County, NAICS 3-digit -- by ownership sector","All establishment sizes",1,0,0,0,0,0,0,0,"N",1.50,0,0,0,0,0,0,0,"N",0,0.0,0,0,0,0,0,0,0,0,0,0,0,0,0,0
"31117","5","561","75","0","2016","2","N","McPherson County, Nebraska","Private","NAICS 561 Administrative and support services","County, NAICS 3-digit -- by ownership sector","All establishment sizes",1,0,0,0,0,0,0,0,"N",1.50,0,0,0,0,0,0,0,"N",0,0.0,0,0,0,0,0,0,0,0,0,0,0,0,0,0
"31117","5","561","75","0","2016","3","N","McPherson County, Nebraska","Private","NAICS 561 Administrative and support services","County, NAICS 3-digit -- by ownership sector","All establishment sizes",1,0,0,0,0,0,0,0,"N",1.50,0,0,0,0,0,0,0,"N",0,0.0,0,0,0,0,0,0,0,0,0,0,0,0,0,0
"31117","5","561","75","0","2016","4","N","McPherson County, Nebraska","Private","NAICS 561 Administrative and support services","County, NAICS 3-digit -- by ownership sector","All establishment sizes",1,0,0,0,0,0,0,0,"N",1.50,0,0,0,0,0,0,0,"N",0,0.0,0,0,0,0,0,0,0,0,0,0,0,0,0,0
"31117","5","5617","76","0","2016","1","N","McPherson County, Nebraska","Private","NAICS 5617 Services to buildings and dwellings","County, NAICS 4-digit -- by ownership sector","All establishment sizes",1,0,0,0,0,0,0,0,"N",3.56,0,0,0,0,0,0,0,"N",0,0.0,0,0,0,0,0,0,0,0,0,0,0,0,0,0
"31117","5","5617","76","0","2016","2","N","McPherson County, Nebraska","Private","NAICS 5617 Services to buildings and dwellings","County, NAICS 4-digit -- by ownership sector","All establishment sizes",1,0,0,0,0,0,0,0,"N",3.53,0,0,0,0,0,0,0,"N",0,0.0,0,0,0,0,0,0,0,0,0,0,0,0,0,0
"31117","5","5617","76","0","2016","3","N","McPherson County, Nebraska","Private","NAICS 5617 Services to buildings and dwellings","County, NAICS 4-digit -- by ownership sector","All establishment sizes",1,0,0,0,0,0,0,0,"N",3.53,0,0,0,0,0,0,0,"N",0,0.0,0,0,0,0,0,0,0,0,0,0,0,0,0,0
"31117","5","5617","76","0","2016","4","N","McPherson County, Nebraska","Private","NAICS 5617 Services to buildings and dwellings","County, NAICS 4-digit -- by ownership sector","All establishment sizes",1,0,0,0,0,0,0,0,"N",3.55,0,0,0,0,0,0,0,"N",0,0.0,0,0,0,0,0,0,0,0,0,0,0,0,0,0
"31117","5","56173","77","0","2016","1","N","McPherson County, Nebraska","Private","NAICS 56173 Landscaping services","County, NAICS 5-digit -- by ownership sector","All establishment sizes",1,0,0,0,0,0,0,0,"N",7.20,0,0,0,0,0,0,0,"N",0,0.0,0,0,0,0,0,0,0,0,0,0,0,0,0,0
"31117","5","56173","77","0","2016","2","N","McPherson County, Nebraska","Private","NAICS 56173 Landscaping services","County, NAICS 5-digit -- by ownership sector","All establishment sizes",1,0,0,0,0,0,0,0,"N",7.11,0,0,0,0,0,0,0,"N",0,0.0,0,0,0,0,0,0,0,0,0,0,0,0,0,0
"31117","5","56173","77","0","2016","3","N","McPherson County, Nebraska","Private","NAICS 56173 Landscaping services","County, NAICS 5-digit -- by ownership sector","All establishment sizes",1,0,0,0,0,0,0,0,"N",7.12,0,0,0,0,0,0,0,"N",0,0.0,0,0,0,0,0,0,0,0,0,0,0,0,0,0
"31117","5","56173","77","0","2016","4","N","McPherson County, Nebraska","Private","NAICS 56173 Landscaping services","County, NAICS 5-digit -- by ownership sector","All establishment sizes",1,0,0,0,0,0,0,0,"N",7.17,0,0,0,0,0,0,0,"N",0,0.0,0,0,0,0,0,0,0,0,0,0,0,0,0,0
"31117","5","561730","78","0","2016","1","N","McPherson County, Nebraska","Private","NAICS 561730 Landscaping services","County, NAICS 6-digit -- by ownership sector","All establishment sizes",1,0,0,0,0,0,0,0,"N",7.20,0,0,0,0,0,0,0,"N",0,0.0,0,0,0,0,0,0,0,0,0,0,0,0,0,0
"31117","5","561730","78","0","2016","2","N","McPherson County, Nebraska","Private","NAICS 561730 Landscaping services","County, NAICS 6-digit -- by ownership sector","All establishment sizes",1,0,0,0,0,0,0,0,"N",7.11,0,0,0,0,0,0,0,"N",0,0.0,0,0,0,0,0,0,0,0,0,0,0,0,0,0
"31117","5","561730","78","0","2016","3","N","McPherson County, Nebraska","Private","NAICS 561730 Landscaping services","County, NAICS 6-digit -- by ownership sector","All establishment sizes",1,0,0,0,0,0,0,0,"N",7.12,0,0,0,0,0,0,0,"N",0,0.0,0,0,0,0,0,0,0,0,0,0,0,0,0,0
"31117","5","561730","78","0","2016","4","N","McPherson County, Nebraska","Private","NAICS 561730 Landscaping services","County, NAICS 6-digit -- by ownership sector","All establishment sizes",1,0,0,0,0,0,0,0,"N",7.17,0,0,0,0,0,0,0,"N",0,0.0,0,0,0,0,0,0,0,0,0,0,0,0,0,0
"31117","5","72","74","0","2016","1","N","McPherson County, Nebraska","Private","NAICS 72 Accommodation and food services","County, NAICS Sector -- by ownership sector","All establishment sizes",1,0,0,0,0,0,0,0,"N",1.10,0,0,0,0,0,0,0,"N",0,0.0,0,0,0,0,0,0,0,0,0,0,0,0,0,0
"31117","5","72","74","0","2016","2","N","McPherson County, Nebraska","Private","NAICS 72 Accommodation and food services","County, NAICS Sector -- by ownership sector","All establishment sizes",1,0,0,0,0,0,0,0,"N",1.09,0,0,0,0,0,0,0,"N",0,0.0,0,0,0,0,0,0,0,0,0,0,0,0,0,0
"31117","5","72","74","0","2016","3","N","McPherson County, Nebraska","Private","NAICS 72 Accommodation and food services","County, NAICS Sector -- by ownership sector","All establishment sizes",1,0,0,0,0,0,0,0,"N",1.10,0,0,0,0,0,0,0,"N",0,0.0,0,0,0,0,0,0,0,0,0,0,0,0,0,0
"31117","5","72","74","0","2016","4","N","McPherson County, Nebraska","Private","NAICS 72 Accommodation and food services","County, NAICS Sector -- by ownership sector","All establishment sizes",1,0,0,0,0,0,0,0,"N",1.10,0,0,0,0,0,0,0,"N",0,0.0,0,0,0,0,0,0,0,0,0,0,0,0,0,0
"31117","5","722","75","0","2016","1","N","McPherson County, Nebraska","Private","NAICS 722 Food services and drinking places","County, NAICS 3-digit -- by ownership sector","All establishment sizes",1,0,0,0,0,0,0,0,"N",1.22,0,0,0,0,0,0,0,"N",0,0.0,0,0,0,0,0,0,0,0,0,0,0,0,0,0
"31117","5","722","75","0","2016","2","N","McPherson County, Nebraska","Private","NAICS 722 Food services and drinking places","County, NAICS 3-digit -- by ownership sector","All establishment sizes",1,0,0,0,0,0,0,0,"N",1.22,0,0,0,0,0,0,0,"N",0,0.0,0,0,0,0,0,0,0,0,0,0,0,0,0,0
"31117","5","722","75","0","2016","3","N","McPherson County, Nebraska","Private","NAICS 722 Food services and drinking places","County, NAICS 3-digit -- by ownership sector","All establishment sizes",1,0,0,0,0,0,0,0,"N",1.22,0,0,0,0,0,0,0,"N",0,0.0,0,0,0,0,0,0,0,0,0,0,0,0,0,0
"31117","5","722","75","0","2016","4","N","McPherson County, Nebraska","Private","NAICS 722 Food services and drinking places","County, NAICS 3-digit -- by ownership sector","All establishment sizes",1,0,0,0,0,0,0,0,"N",1.22,0,0,0,0,0,0,0,"N",0,0.0,0,0,0,0,0,0,0,0,0,0,0,0,0,0
"31117","5","7225","76","0","2016","1","N","McPherson County, Nebraska","Private","NAICS 7225 Restaurants and other eating places","County, NAICS 4-digit -- by ownership sector","All establishment sizes",1,0,0,0,0,0,0,0,"N",1.40,0,0,0,0,0,0,0,"N",0,0.0,0,0,0,0,0,0,0,0,0,0,0,0,0,0
"31117","5","7225","76","0","2016","2","N","McPherson County, Nebraska","Private","NAICS 7225 Restaurants and other eating places","County, NAICS 4-digit -- by ownership sector","All establishment sizes",1,0,0,0,0,0,0,0,"N",1.40,0,0,0,0,0,0,0,"N",0,0.0,0,0,0,0,0,0,0,0,0,0,0,0,0,0
"31117","5","7225","76","0","2016","3","N","McPherson County, Nebraska","Private","NAICS 7225 Restaurants and other eating places","County, NAICS 4-digit -- by ownership sector","All establishment sizes",1,0,0,0,0,0,0,0,"N",1.40,0,0,0,0,0,0,0,"N",0,0.0,0,0,0,0,0,0,0,0,0,0,0,0,0,0
"31117","5","7225","76","0","2016","4","N","McPherson County, Nebraska","Private","NAICS 7225 Restaurants and other eating places","County, NAICS 4-digit -- by ownership sector","All establishment sizes",1,0,0,0,0,0,0,0,"N",1.41,0,0,0,0,0,0,0,"N",0,0.0,0,0,0,0,0,0,0,0,0,0,0,0,0,0
"31117","5","72251","77","0","2016","1","N","McPherson County, Nebraska","Private","NAICS 72251 Restaurants and other eating places","County, NAICS 5-digit -- by ownership sector","All establishment sizes",1,0,0,0,0,0,0,0,"N",1.40,0,0,0,0,0,0,0,"N",0,0.0,0,0,0,0,0,0,0,0,0,0,0,0,0,0
"31117","5","72251","77","0","2016","2","N","McPherson County, Nebraska","Private","NAICS 72251 Restaurants and other eating places","County, NAICS 5-digit -- by ownership sector","All establishment sizes",1,0,0,0,0,0,0,0,"N",1.40,0,0,0,0,0,0,0,"N",0,0.0,0,0,0,0,0,0,0,0,0,0,0,0,0,0
"31117","5","72251","77","0","2016","3","N","McPherson County, Nebraska","Private","NAICS 72251 Restaurants and other eating places","County, NAICS 5-digit -- by ownership sector","All establishment sizes",1,0,0,0,0,0,0,0,"N",1.40,0,0,0,0,0,0,0,"N",0,0.0,0,0,0,0,0,0,0,0,0,0,0,0,0,0
"31117","5","72251","77","0","2016","4","N","McPherson County, Nebraska","Private","NAICS 72251 Restaurants and other eating places","County, NAICS 5-digit -- by ownership sector","All establishment sizes",1,0,0,0,0,0,0,0,"N",1.41,0,0,0,0,0,0,0,"N",0,0.0,0,0,0,0,0,0,0,0,0,0,0,0,0,0
"31117","5","722511","78","0","2016","1","N","McPherson County, Nebraska","Private","NAICS 722511 Full-service restaurants","County, NAICS 6-digit -- by ownership sector","All establishment sizes",1,0,0,0,0,0,0,0,"N",3.13,0,0,0,0,0,0,0,"N",0,0.0,0,0,0,0,0,0,0,0,0,0,0,0,0,0
"31117","5","722511","78","0","2016","2","N","McPherson County, Nebraska","Private","NAICS 722511 Full-service restaurants","County, NAICS 6-digit -- by ownership sector","All establishment sizes",1,0,0,0,0,0,0,0,"N",3.12,0,0,0,0,0,0,0,"N",0,0.0,0,0,0,0,0,0,0,0,0,0,0,0,0,0
"31117","5","722511","78","0","2016","3","N","McPherson County, Nebraska","Private","NAICS 722511 Full-service restaurants","County, NAICS 6-digit -- by ownership sector","All establishment sizes",1,0,0,0,0,0,0,0,"N",3.14,0,0,0,0,0,0,0,"N",0,0.0,0,0,0,0,0,0,0,0,0,0,0,0,0,0
"31117","5","722511","78","0","2016","4","N","McPherson County, Nebraska","Private","NAICS 722511 Full-service restaurants","County, NAICS 6-digit -- by ownership sector","All establishment sizes",1,0,0,0,0,0,0,0,"N",3.14,0,0,0,0,0,0,0,"N",0,0.0,0,0,0,0,0,0,0,0,0,0,0,0,0,0
